"record_id","image_path","source_dataset_code","source_dataset_name","source_confidence","source_evidence","source_details","license","review_result","reviewer","review_date","notes"
"sha256:5dcff38537d0567585239ff79a9b090d67ba61e52bd6c896d52144f7b0cbfb3f","data/images/test/08492A_jpg.rf.73eea05ad46eba3f271758f7fd7c629a_0_0.jpg","B_KAGGLE_BLUEBERRY_DETECTION","Blueberry Detection dataset","medium","Roboflow-style filename in the user-described B dataset subset; confirm before final submission","Kaggle zhengkunli3969/blueberry-detection-dataset; https://www.kaggle.com/datasets/zhengkunli3969/blueberry-detection-dataset","CC BY-NC-SA 4.0","确认","数据负责人","2026-06-24","文件名前缀与B数据集(Kaggle zhengkunli3969/blueberry-detection-dataset)命名规则一致，来源确认"
"sha256:b9e21b1d03e2bff3294e34cce8e01e644f6af88595344ebc43883e9ee0b18341","data/images/test/65897A-1-_jpg.rf.1b7d77ce14cf5c55bfd05d6bb38e7f0b_1_1.jpg","B_KAGGLE_BLUEBERRY_DETECTION","Blueberry Detection dataset","medium","Roboflow-style filename in the user-described B dataset subset; confirm before final submission","Kaggle zhengkunli3969/blueberry-detection-dataset; https://www.kaggle.com/datasets/zhengkunli3969/blueberry-detection-dataset","CC BY-NC-SA 4.0","确认","数据负责人","2026-06-24","文件名前缀与B数据集(Kaggle zhengkunli3969/blueberry-detection-dataset)命名规则一致，来源确认"
"sha256:60259dc1f6d9fcd950ca83571cb85803b6b021c86d0bc00cf60c60ba97468d85","data/images/test/Aurora_Blueberry_1_650x_jpg.rf.fd40e0adfe8020dc1642603db3864e65_0_1.jpg","B_KAGGLE_BLUEBERRY_DETECTION","Blueberry Detection dataset","medium","Roboflow-style filename in the user-described B dataset subset; confirm before final submission","Kaggle zhengkunli3969/blueberry-detection-dataset; https://www.kaggle.com/datasets/zhengkunli3969/blueberry-detection-dataset","CC BY-NC-SA 4.0","确认","数据负责人","2026-06-24","文件名前缀与B数据集(Kaggle zhengkunli3969/blueberry-detection-dataset)命名规则一致，来源确认"
"sha256:14a35930c38bb57067d52cd457d9fece2482b1cef6e5dd6fe7ac35494e730024","data/images/test/Aurora_Blueberry_1_650x_jpg.rf.fd40e0adfe8020dc1642603db3864e65_1_1.jpg","B_KAGGLE_BLUEBERRY_DETECTION","Blueberry Detection dataset","medium","Roboflow-style filename in the user-described B dataset subset; confirm before final submission","Kaggle zhengkunli3969/blueberry-detection-dataset; https://www.kaggle.com/datasets/zhengkunli3969/blueberry-detection-dataset","CC BY-NC-SA 4.0","确认","数据负责人","2026-06-24","文件名前缀与B数据集(Kaggle zhengkunli3969/blueberry-detection-dataset)命名规则一致，来源确认"
"sha256:317af20b7dd684b65d1f03e4242e79b1b1158bd87cbe12d964284a706893156a","data/images/test/Blueberry_Jersey_1_jpg.rf.e9df44fcbac4216d622380d5139bf0d0_1_0.jpg","B_KAGGLE_BLUEBERRY_DETECTION","Blueberry Detection dataset","medium","Roboflow-style filename in the user-described B dataset subset; confirm before final submission","Kaggle zhengkunli3969/blueberry-detection-dataset; https://www.kaggle.com/datasets/zhengkunli3969/blueberry-detection-dataset","CC BY-NC-SA 4.0","确认","数据负责人","2026-06-24","文件名前缀与B数据集(Kaggle zhengkunli3969/blueberry-detection-dataset)命名规则一致，来源确认"
"sha256:9b6123eb28ed4924daeff9888343453e4e357bf9872f89889721b406270a04e5","data/images/test/Blueberry_jpg.rf.a702aa2903b539664a601d53d7c747aa_1_1.jpg","B_KAGGLE_BLUEBERRY_DETECTION","Blueberry Detection dataset","medium","Roboflow-style filename in the user-described B dataset subset; confirm before final submission","Kaggle zhengkunli3969/blueberry-detection-dataset; https://www.kaggle.com/datasets/zhengkunli3969/blueberry-detection-dataset","CC BY-NC-SA 4.0","确认","数据负责人","2026-06-24","文件名前缀与B数据集(Kaggle zhengkunli3969/blueberry-detection-dataset)命名规则一致，来源确认"
"sha256:83f6759791cd96c73ecc356c4bd7efc2ecdd2c62bb46ba46ce98a85f7d832809","data/images/test/Legacy777_1___39469-1567142856_jpg.rf.575d0a8aa084dc566d345154976e75fb_1_0.jpg","B_KAGGLE_BLUEBERRY_DETECTION","Blueberry Detection dataset","medium","Roboflow-style filename in the user-described B dataset subset; confirm before final submission","Kaggle zhengkunli3969/blueberry-detection-dataset; https://www.kaggle.com/datasets/zhengkunli3969/blueberry-detection-dataset","CC BY-NC-SA 4.0","确认","数据负责人","2026-06-24","文件名前缀与B数据集(Kaggle zhengkunli3969/blueberry-detection-dataset)命名规则一致，来源确认"
"sha256:ed53544cdb41f02a356f539f6700a01704d0df7cf1bd4711936621c6fcf907c7","data/images/test/Legacy777_1___39469-1567142856_jpg.rf.575d0a8aa084dc566d345154976e75fb_1_1.jpg","B_KAGGLE_BLUEBERRY_DETECTION","Blueberry Detection dataset","medium","Roboflow-style filename in the user-described B dataset subset; confirm before final submission","Kaggle zhengkunli3969/blueberry-detection-dataset; https://www.kaggle.com/datasets/zhengkunli3969/blueberry-detection-dataset","CC BY-NC-SA 4.0","确认","数据负责人","2026-06-24","文件名前缀与B数据集(Kaggle zhengkunli3969/blueberry-detection-dataset)命名规则一致，来源确认"
"sha256:65fa9723dda72a5e18d47e6e320662410efa08e4af4ab0bcc2ce5e76a2fac836","data/images/test/Sunshineblue09sq_jpeg_jpg.rf.7abd5e67469fc558fde70d02aceb1767_0_0.jpg","B_KAGGLE_BLUEBERRY_DETECTION","Blueberry Detection dataset","medium","Roboflow-style filename in the user-described B dataset subset; confirm before final submission","Kaggle zhengkunli3969/blueberry-detection-dataset; https://www.kaggle.com/datasets/zhengkunli3969/blueberry-detection-dataset","CC BY-NC-SA 4.0","确认","数据负责人","2026-06-24","文件名前缀与B数据集(Kaggle zhengkunli3969/blueberry-detection-dataset)命名规则一致，来源确认"
"sha256:797cb109b6d60091b280184bbf4add5981f32e620c3847ce53c1b7c78282abaf","data/images/test/Vacc3_Reyna_Aug19_jpg.rf.92b7b0edc04de481a10f9cc6672fa58d_1_0.jpg","B_KAGGLE_BLUEBERRY_DETECTION","Blueberry Detection dataset","medium","Roboflow-style filename in the user-described B dataset subset; confirm before final submission","Kaggle zhengkunli3969/blueberry-detection-dataset; https://www.kaggle.com/datasets/zhengkunli3969/blueberry-detection-dataset","CC BY-NC-SA 4.0","确认","数据负责人","2026-06-24","文件名前缀与B数据集(Kaggle zhengkunli3969/blueberry-detection-dataset)命名规则一致，来源确认"
"sha256:7ad1efea397aa29b7b2f54f9e7043d62ac011a7729541a08d2887f6a519d78a4","data/images/test/blueberry-1_jpg.rf.fb87ac095e4993cb5038db90042e4fce_0_1.jpg","B_KAGGLE_BLUEBERRY_DETECTION","Blueberry Detection dataset","medium","Roboflow-style filename in the user-described B dataset subset; confirm before final submission","Kaggle zhengkunli3969/blueberry-detection-dataset; https://www.kaggle.com/datasets/zhengkunli3969/blueberry-detection-dataset","CC BY-NC-SA 4.0","确认","数据负责人","2026-06-24","文件名前缀与B数据集(Kaggle zhengkunli3969/blueberry-detection-dataset)命名规则一致，来源确认"
"sha256:aa653c90c0a61548a829736b36b324c4429735fc59f73e271b0d40b288d66010","data/images/test/images-3-_jpeg_jpg.rf.14bdb876f6180d16540107be9f4d4a8c_0_0.jpg","B_KAGGLE_BLUEBERRY_DETECTION","Blueberry Detection dataset","medium","Roboflow-style filename in the user-described B dataset subset; confirm before final submission","Kaggle zhengkunli3969/blueberry-detection-dataset; https://www.kaggle.com/datasets/zhengkunli3969/blueberry-detection-dataset","CC BY-NC-SA 4.0","确认","数据负责人","2026-06-24","文件名前缀与B数据集(Kaggle zhengkunli3969/blueberry-detection-dataset)命名规则一致，来源确认"
"sha256:165b407772558e6ad1e4aa2feb812cb33d7be7bb9a52db0c18741cea4ad53d1d","data/images/train/08492A_jpg.rf.73eea05ad46eba3f271758f7fd7c629a_0_1.jpg","B_KAGGLE_BLUEBERRY_DETECTION","Blueberry Detection dataset","medium","Roboflow-style filename in the user-described B dataset subset; confirm before final submission","Kaggle zhengkunli3969/blueberry-detection-dataset; https://www.kaggle.com/datasets/zhengkunli3969/blueberry-detection-dataset","CC BY-NC-SA 4.0","确认","数据负责人","2026-06-24","文件名前缀与B数据集(Kaggle zhengkunli3969/blueberry-detection-dataset)命名规则一致，来源确认"
"sha256:1a8228f0826bb0713d0034b70657888a94a1c4fd596cbdf34acbc4343a5e2784","data/images/train/08492A_jpg.rf.73eea05ad46eba3f271758f7fd7c629a_1_0.jpg","B_KAGGLE_BLUEBERRY_DETECTION","Blueberry Detection dataset","medium","Roboflow-style filename in the user-described B dataset subset; confirm before final submission","Kaggle zhengkunli3969/blueberry-detection-dataset; https://www.kaggle.com/datasets/zhengkunli3969/blueberry-detection-dataset","CC BY-NC-SA 4.0","确认","数据负责人","2026-06-24","文件名前缀与B数据集(Kaggle zhengkunli3969/blueberry-detection-dataset)命名规则一致，来源确认"
"sha256:c2e140846a9651f8d08dcedede20474e984232eb5f797ff6593f3c98296cacad","data/images/train/08492A_jpg.rf.73eea05ad46eba3f271758f7fd7c629a_1_1.jpg","B_KAGGLE_BLUEBERRY_DETECTION","Blueberry Detection dataset","medium","Roboflow-style filename in the user-described B dataset subset; confirm before final submission","Kaggle zhengkunli3969/blueberry-detection-dataset; https://www.kaggle.com/datasets/zhengkunli3969/blueberry-detection-dataset","CC BY-NC-SA 4.0","确认","数据负责人","2026-06-24","文件名前缀与B数据集(Kaggle zhengkunli3969/blueberry-detection-dataset)命名规则一致，来源确认"
"sha256:c2c2db039818b17ff54408259824d35f57434934ec5dcec05a4c74d9efebc2f1","data/images/train/110471-800x600r1-Bilberry_jpeg_jpg.rf.9538b9a0f5cf5e1be09cd6fe7e8f918c_0_0.jpg","B_KAGGLE_BLUEBERRY_DETECTION","Blueberry Detection dataset","medium","Roboflow-style filename in the user-described B dataset subset; confirm before final submission","Kaggle zhengkunli3969/blueberry-detection-dataset; https://www.kaggle.com/datasets/zhengkunli3969/blueberry-detection-dataset","CC BY-NC-SA 4.0","确认","数据负责人","2026-06-24","文件名前缀与B数据集(Kaggle zhengkunli3969/blueberry-detection-dataset)命名规则一致，来源确认"
"sha256:232d5d9c945ce44b5cc2f747692d23525758187a04b0a624bebdec0f0f5fcf5c","data/images/train/11366_grande_jpg.rf.d9bf1bc4446c9bda69fccd6a1d7becbd_0_0.jpg","B_KAGGLE_BLUEBERRY_DETECTION","Blueberry Detection dataset","medium","Roboflow-style filename in the user-described B dataset subset; confirm before final submission","Kaggle zhengkunli3969/blueberry-detection-dataset; https://www.kaggle.com/datasets/zhengkunli3969/blueberry-detection-dataset","CC BY-NC-SA 4.0","确认","数据负责人","2026-06-24","文件名前缀与B数据集(Kaggle zhengkunli3969/blueberry-detection-dataset)命名规则一致，来源确认"
"sha256:61a4121c8102b2d9a1a0419b5c7919bc5d3c2548e271b3c844447d709b7ac5b1","data/images/train/1minhike071817-3_jpg.rf.9c98ac192a1fc9bfed8d98cc65149c79_3_2.jpg","B_KAGGLE_BLUEBERRY_DETECTION","Blueberry Detection dataset","medium","Roboflow-style filename in the user-described B dataset subset; confirm before final submission","Kaggle zhengkunli3969/blueberry-detection-dataset; https://www.kaggle.com/datasets/zhengkunli3969/blueberry-detection-dataset","CC BY-NC-SA 4.0","确认","数据负责人","2026-06-24","文件名前缀与B数据集(Kaggle zhengkunli3969/blueberry-detection-dataset)命名规则一致，来源确认"
"sha256:d39cf575fe13da6077f6c5fadba102122c2a4cd38dab961cbd8356cf2bf50957","data/images/train/2221-960x960_jpg.rf.8044e1fc3ea9c26355a673f558cf52f3_0_0.jpg","B_KAGGLE_BLUEBERRY_DETECTION","Blueberry Detection dataset","medium","Roboflow-style filename in the user-described B dataset subset; confirm before final submission","Kaggle zhengkunli3969/blueberry-detection-dataset; https://www.kaggle.com/datasets/zhengkunli3969/blueberry-detection-dataset","CC BY-NC-SA 4.0","确认","数据负责人","2026-06-24","文件名前缀与B数据集(Kaggle zhengkunli3969/blueberry-detection-dataset)命名规则一致，来源确认"
"sha256:bf14327c4d485b73c436945c62c9b10ba5008d42959ce09bfc2437c28c2af24d","data/images/train/2221-960x960_jpg.rf.8044e1fc3ea9c26355a673f558cf52f3_1_0.jpg","B_KAGGLE_BLUEBERRY_DETECTION","Blueberry Detection dataset","medium","Roboflow-style filename in the user-described B dataset subset; confirm before final submission","Kaggle zhengkunli3969/blueberry-detection-dataset; https://www.kaggle.com/datasets/zhengkunli3969/blueberry-detection-dataset","CC BY-NC-SA 4.0","确认","数据负责人","2026-06-24","文件名前缀与B数据集(Kaggle zhengkunli3969/blueberry-detection-dataset)命名规则一致，来源确认"
"sha256:7d08a42d5d30ec5330ab8f8ee086a704563cfe2157ccfbdfc45ae306b3ba2643","data/images/train/2221-960x960_jpg.rf.8044e1fc3ea9c26355a673f558cf52f3_1_1.jpg","B_KAGGLE_BLUEBERRY_DETECTION","Blueberry Detection dataset","medium","Roboflow-style filename in the user-described B dataset subset; confirm before final submission","Kaggle zhengkunli3969/blueberry-detection-dataset; https://www.kaggle.com/datasets/zhengkunli3969/blueberry-detection-dataset","CC BY-NC-SA 4.0","确认","数据负责人","2026-06-24","文件名前缀与B数据集(Kaggle zhengkunli3969/blueberry-detection-dataset)命名规则一致，来源确认"
"sha256:3f7aaaafc2a31ef333e03bed5c2f31b6c33087e01126d098f5d937ba4d6643bc","data/images/train/23074385-standard_jpg.rf.10accc0a26020584aee262aefdacbdc8_0_1.jpg","B_KAGGLE_BLUEBERRY_DETECTION","Blueberry Detection dataset","medium","Roboflow-style filename in the user-described B dataset subset; confirm before final submission","Kaggle zhengkunli3969/blueberry-detection-dataset; https://www.kaggle.com/datasets/zhengkunli3969/blueberry-detection-dataset","CC BY-NC-SA 4.0","确认","数据负责人","2026-06-24","文件名前缀与B数据集(Kaggle zhengkunli3969/blueberry-detection-dataset)命名规则一致，来源确认"
"sha256:9f9ed5003266df0eef1e1bb09bbddeb343f0fe947ae73b3455e842322ecaacb9","data/images/train/237049xlg_jpg.rf.6c2918d6873de4b4dcb93c38b4b072d4_0_1.jpg","B_KAGGLE_BLUEBERRY_DETECTION","Blueberry Detection dataset","medium","Roboflow-style filename in the user-described B dataset subset; confirm before final submission","Kaggle zhengkunli3969/blueberry-detection-dataset; https://www.kaggle.com/datasets/zhengkunli3969/blueberry-detection-dataset","CC BY-NC-SA 4.0","确认","数据负责人","2026-06-24","文件名前缀与B数据集(Kaggle zhengkunli3969/blueberry-detection-dataset)命名规则一致，来源确认"
"sha256:0c71bbc24ef113d0ff96beaac9335943efe79b54ec4257ed6503e8e8862cc2bb","data/images/train/237049xlg_jpg.rf.6c2918d6873de4b4dcb93c38b4b072d4_0_2.jpg","B_KAGGLE_BLUEBERRY_DETECTION","Blueberry Detection dataset","medium","Roboflow-style filename in the user-described B dataset subset; confirm before final submission","Kaggle zhengkunli3969/blueberry-detection-dataset; https://www.kaggle.com/datasets/zhengkunli3969/blueberry-detection-dataset","CC BY-NC-SA 4.0","确认","数据负责人","2026-06-24","文件名前缀与B数据集(Kaggle zhengkunli3969/blueberry-detection-dataset)命名规则一致，来源确认"
"sha256:a0c2f30c771bf2d349b352f8514b359e1ac60c2d1456c2b684883479d86f6ca1","data/images/train/237049xlg_jpg.rf.6c2918d6873de4b4dcb93c38b4b072d4_1_0.jpg","B_KAGGLE_BLUEBERRY_DETECTION","Blueberry Detection dataset","medium","Roboflow-style filename in the user-described B dataset subset; confirm before final submission","Kaggle zhengkunli3969/blueberry-detection-dataset; https://www.kaggle.com/datasets/zhengkunli3969/blueberry-detection-dataset","CC BY-NC-SA 4.0","确认","数据负责人","2026-06-24","文件名前缀与B数据集(Kaggle zhengkunli3969/blueberry-detection-dataset)命名规则一致，来源确认"
"sha256:e1c27a4c163291e38e4825900fd840faf6bc707aed0d368e1c702f18d67e0fff","data/images/train/237049xlg_jpg.rf.6c2918d6873de4b4dcb93c38b4b072d4_1_1.jpg","B_KAGGLE_BLUEBERRY_DETECTION","Blueberry Detection dataset","medium","Roboflow-style filename in the user-described B dataset subset; confirm before final submission","Kaggle zhengkunli3969/blueberry-detection-dataset; https://www.kaggle.com/datasets/zhengkunli3969/blueberry-detection-dataset","CC BY-NC-SA 4.0","确认","数据负责人","2026-06-24","文件名前缀与B数据集(Kaggle zhengkunli3969/blueberry-detection-dataset)命名规则一致，来源确认"
"sha256:ec664746c8b4c7ba91a9049c5bb24a068722316ea621fee62898f828748f5896","data/images/train/51GiHYQtucL_jpg.rf.d9cc4a94132c5aa8751bbe84902c5d1a_0_0.jpg","B_KAGGLE_BLUEBERRY_DETECTION","Blueberry Detection dataset","medium","Roboflow-style filename in the user-described B dataset subset; confirm before final submission","Kaggle zhengkunli3969/blueberry-detection-dataset; https://www.kaggle.com/datasets/zhengkunli3969/blueberry-detection-dataset","CC BY-NC-SA 4.0","确认","数据负责人","2026-06-24","文件名前缀与B数据集(Kaggle zhengkunli3969/blueberry-detection-dataset)命名规则一致，来源确认"
"sha256:2a99867e0c5f23294ec499971cad96ca34f403c47009452f9d2ff51701a02a0f","data/images/train/65897A-1-_jpg.rf.1b7d77ce14cf5c55bfd05d6bb38e7f0b_0_0.jpg","B_KAGGLE_BLUEBERRY_DETECTION","Blueberry Detection dataset","medium","Roboflow-style filename in the user-described B dataset subset; confirm before final submission","Kaggle zhengkunli3969/blueberry-detection-dataset; https://www.kaggle.com/datasets/zhengkunli3969/blueberry-detection-dataset","CC BY-NC-SA 4.0","确认","数据负责人","2026-06-24","文件名前缀与B数据集(Kaggle zhengkunli3969/blueberry-detection-dataset)命名规则一致，来源确认"
"sha256:5178bf6daa0097939e616eb9461e577d3b369e52717bc9ecc5ed79414e85c5e3","data/images/train/65897A-1-_jpg.rf.1b7d77ce14cf5c55bfd05d6bb38e7f0b_0_1.jpg","B_KAGGLE_BLUEBERRY_DETECTION","Blueberry Detection dataset","medium","Roboflow-style filename in the user-described B dataset subset; confirm before final submission","Kaggle zhengkunli3969/blueberry-detection-dataset; https://www.kaggle.com/datasets/zhengkunli3969/blueberry-detection-dataset","CC BY-NC-SA 4.0","确认","数据负责人","2026-06-24","文件名前缀与B数据集(Kaggle zhengkunli3969/blueberry-detection-dataset)命名规则一致，来源确认"
"sha256:ffda1086f2dcf0807b7c4e04ef5869561560dfb4a5835c37e19742ac0220a634","data/images/train/65983A_jpg.rf.8baf0acfe601f433880da2c01eb90146_0_0.jpg","B_KAGGLE_BLUEBERRY_DETECTION","Blueberry Detection dataset","medium","Roboflow-style filename in the user-described B dataset subset; confirm before final submission","Kaggle zhengkunli3969/blueberry-detection-dataset; https://www.kaggle.com/datasets/zhengkunli3969/blueberry-detection-dataset","CC BY-NC-SA 4.0","确认","数据负责人","2026-06-24","文件名前缀与B数据集(Kaggle zhengkunli3969/blueberry-detection-dataset)命名规则一致，来源确认"
"sha256:154fccee0274238159118bfb3dd14ef1bf57eec35af6464971d5e4bbcc4e05b3","data/images/train/66270A_jpg.rf.aff7c8e7f8ca660f9400dd37dbb8c4d2_0_1.jpg","B_KAGGLE_BLUEBERRY_DETECTION","Blueberry Detection dataset","medium","Roboflow-style filename in the user-described B dataset subset; confirm before final submission","Kaggle zhengkunli3969/blueberry-detection-dataset; https://www.kaggle.com/datasets/zhengkunli3969/blueberry-detection-dataset","CC BY-NC-SA 4.0","确认","数据负责人","2026-06-24","文件名前缀与B数据集(Kaggle zhengkunli3969/blueberry-detection-dataset)命名规则一致，来源确认"
"sha256:2ccd02ff1a52a2f083ca8414fc6bcaec53653578cf26946227abc151358af0d6","data/images/train/66270A_jpg.rf.aff7c8e7f8ca660f9400dd37dbb8c4d2_1_0.jpg","B_KAGGLE_BLUEBERRY_DETECTION","Blueberry Detection dataset","medium","Roboflow-style filename in the user-described B dataset subset; confirm before final submission","Kaggle zhengkunli3969/blueberry-detection-dataset; https://www.kaggle.com/datasets/zhengkunli3969/blueberry-detection-dataset","CC BY-NC-SA 4.0","确认","数据负责人","2026-06-24","文件名前缀与B数据集(Kaggle zhengkunli3969/blueberry-detection-dataset)命名规则一致，来源确认"
"sha256:43618c26d3a15294bea21b44f762a20a9b5d4e72033af7489340d2b0a4034b5a","data/images/train/66270A_jpg.rf.aff7c8e7f8ca660f9400dd37dbb8c4d2_1_1.jpg","B_KAGGLE_BLUEBERRY_DETECTION","Blueberry Detection dataset","medium","Roboflow-style filename in the user-described B dataset subset; confirm before final submission","Kaggle zhengkunli3969/blueberry-detection-dataset; https://www.kaggle.com/datasets/zhengkunli3969/blueberry-detection-dataset","CC BY-NC-SA 4.0","确认","数据负责人","2026-06-24","文件名前缀与B数据集(Kaggle zhengkunli3969/blueberry-detection-dataset)命名规则一致，来源确认"
"sha256:48ccd42334b33c19ef4f5db97bad3861f7a824996232f6d3b9fdb4be1caa2c87","data/images/train/6a449ddf497e8a9a7986a209ad8ddd50_jpg.rf.1f2f6ec19b6392405049cb8b1930d82a_0_0.jpg","B_KAGGLE_BLUEBERRY_DETECTION","Blueberry Detection dataset","medium","Roboflow-style filename in the user-described B dataset subset; confirm before final submission","Kaggle zhengkunli3969/blueberry-detection-dataset; https://www.kaggle.com/datasets/zhengkunli3969/blueberry-detection-dataset","CC BY-NC-SA 4.0","确认","数据负责人","2026-06-24","文件名前缀与B数据集(Kaggle zhengkunli3969/blueberry-detection-dataset)命名规则一致，来源确认"
"sha256:5b5de68846ab4d56529edee1e610ea7c2c59fdc4bd0f49da9ac98103bae6de4e","data/images/train/76380A-1-_jpg.rf.c99a3d36351afa4d49d463d2ce9e2e15_0_0.jpg","B_KAGGLE_BLUEBERRY_DETECTION","Blueberry Detection dataset","medium","Roboflow-style filename in the user-described B dataset subset; confirm before final submission","Kaggle zhengkunli3969/blueberry-detection-dataset; https://www.kaggle.com/datasets/zhengkunli3969/blueberry-detection-dataset","CC BY-NC-SA 4.0","确认","数据负责人","2026-06-24","文件名前缀与B数据集(Kaggle zhengkunli3969/blueberry-detection-dataset)命名规则一致，来源确认"
"sha256:27edb5e8c39917b27dbbfed9343dac80129b0c9ce89675e22e205f41159a9ec0","data/images/train/76380A-1-_jpg.rf.c99a3d36351afa4d49d463d2ce9e2e15_0_1.jpg","B_KAGGLE_BLUEBERRY_DETECTION","Blueberry Detection dataset","medium","Roboflow-style filename in the user-described B dataset subset; confirm before final submission","Kaggle zhengkunli3969/blueberry-detection-dataset; https://www.kaggle.com/datasets/zhengkunli3969/blueberry-detection-dataset","CC BY-NC-SA 4.0","确认","数据负责人","2026-06-24","文件名前缀与B数据集(Kaggle zhengkunli3969/blueberry-detection-dataset)命名规则一致，来源确认"
"sha256:ae7e6a49a5955d7be2806ba79a9953b9dba2e1f88dca611da3f12ae2a83609b9","data/images/train/76380A-1-_jpg.rf.c99a3d36351afa4d49d463d2ce9e2e15_1_0.jpg","B_KAGGLE_BLUEBERRY_DETECTION","Blueberry Detection dataset","medium","Roboflow-style filename in the user-described B dataset subset; confirm before final submission","Kaggle zhengkunli3969/blueberry-detection-dataset; https://www.kaggle.com/datasets/zhengkunli3969/blueberry-detection-dataset","CC BY-NC-SA 4.0","确认","数据负责人","2026-06-24","文件名前缀与B数据集(Kaggle zhengkunli3969/blueberry-detection-dataset)命名规则一致，来源确认"
"sha256:894f3c364019cbedc77ac520958330f7ca6b539f55c54f700be8f95ad2cd6000","data/images/train/76380A-1-_jpg.rf.c99a3d36351afa4d49d463d2ce9e2e15_1_1.jpg","B_KAGGLE_BLUEBERRY_DETECTION","Blueberry Detection dataset","medium","Roboflow-style filename in the user-described B dataset subset; confirm before final submission","Kaggle zhengkunli3969/blueberry-detection-dataset; https://www.kaggle.com/datasets/zhengkunli3969/blueberry-detection-dataset","CC BY-NC-SA 4.0","确认","数据负责人","2026-06-24","文件名前缀与B数据集(Kaggle zhengkunli3969/blueberry-detection-dataset)命名规则一致，来源确认"
"sha256:b31fc42e155a0c8d7cfd544f4208b1f73f11698115e636a1a6c086a71082cf91","data/images/train/7e03601dde93b28bbe8283a5b814807f_d6b20c31-378a-4cf3-8529-7c692c6452e3_600x_jpg.rf.dc9cdb4e5eb20689c56ed550b4ec617b_0_0.jpg","B_KAGGLE_BLUEBERRY_DETECTION","Blueberry Detection dataset","medium","Roboflow-style filename in the user-described B dataset subset; confirm before final submission","Kaggle zhengkunli3969/blueberry-detection-dataset; https://www.kaggle.com/datasets/zhengkunli3969/blueberry-detection-dataset","CC BY-NC-SA 4.0","确认","数据负责人","2026-06-24","文件名前缀与B数据集(Kaggle zhengkunli3969/blueberry-detection-dataset)命名规则一致，来源确认"
"sha256:b41d73419626c8d480dab087bc8c50dffd055e84b95f670476274d8df82e4b11","data/images/train/Aurora_Blueberry_1_650x_jpg.rf.fd40e0adfe8020dc1642603db3864e65_0_0.jpg","B_KAGGLE_BLUEBERRY_DETECTION","Blueberry Detection dataset","medium","Roboflow-style filename in the user-described B dataset subset; confirm before final submission","Kaggle zhengkunli3969/blueberry-detection-dataset; https://www.kaggle.com/datasets/zhengkunli3969/blueberry-detection-dataset","CC BY-NC-SA 4.0","确认","数据负责人","2026-06-24","文件名前缀与B数据集(Kaggle zhengkunli3969/blueberry-detection-dataset)命名规则一致，来源确认"
"sha256:88f69a088e1a183e081fc938cf0cc74e1df658a021071c5bd75d46dc487943fe","data/images/train/BU133-2_jpg.rf.8bad816ccc419fbbe2afbbd54a447772_0_0.jpg","B_KAGGLE_BLUEBERRY_DETECTION","Blueberry Detection dataset","medium","Roboflow-style filename in the user-described B dataset subset; confirm before final submission","Kaggle zhengkunli3969/blueberry-detection-dataset; https://www.kaggle.com/datasets/zhengkunli3969/blueberry-detection-dataset","CC BY-NC-SA 4.0","确认","数据负责人","2026-06-24","文件名前缀与B数据集(Kaggle zhengkunli3969/blueberry-detection-dataset)命名规则一致，来源确认"
"sha256:11e30873f570bc12cc7f0fd95588add60596579aacd19c901b13b9e3852478e0","data/images/train/Blueberries460x345_jpg.rf.4109a0f4fcd8052f246c04d2852b93c3_0_0.jpg","B_KAGGLE_BLUEBERRY_DETECTION","Blueberry Detection dataset","medium","Roboflow-style filename in the user-described B dataset subset; confirm before final submission","Kaggle zhengkunli3969/blueberry-detection-dataset; https://www.kaggle.com/datasets/zhengkunli3969/blueberry-detection-dataset","CC BY-NC-SA 4.0","确认","数据负责人","2026-06-24","文件名前缀与B数据集(Kaggle zhengkunli3969/blueberry-detection-dataset)命名规则一致，来源确认"
"sha256:19ae7eac76e7e80bcb30d5caf44400bd045befaadde32fd76129c50fc8984c4b","data/images/train/Blueberries_PUB0010288_jpg.rf.ee229d4b74ddf69ecefafd806d37fc93_0_0.jpg","B_KAGGLE_BLUEBERRY_DETECTION","Blueberry Detection dataset","medium","Roboflow-style filename in the user-described B dataset subset; confirm before final submission","Kaggle zhengkunli3969/blueberry-detection-dataset; https://www.kaggle.com/datasets/zhengkunli3969/blueberry-detection-dataset","CC BY-NC-SA 4.0","确认","数据负责人","2026-06-24","文件名前缀与B数据集(Kaggle zhengkunli3969/blueberry-detection-dataset)命名规则一致，来源确认"
"sha256:26e3cdffda9d7385bc92928660c0e2d4c651de1629bbb6a8ded6c3e70bc07498","data/images/train/Blueberry-Northland-1200066_jpg.rf.a6547e3f96ca1ce23fbcbc4c56269cef_0_0.jpg","B_KAGGLE_BLUEBERRY_DETECTION","Blueberry Detection dataset","medium","Roboflow-style filename in the user-described B dataset subset; confirm before final submission","Kaggle zhengkunli3969/blueberry-detection-dataset; https://www.kaggle.com/datasets/zhengkunli3969/blueberry-detection-dataset","CC BY-NC-SA 4.0","确认","数据负责人","2026-06-24","文件名前缀与B数据集(Kaggle zhengkunli3969/blueberry-detection-dataset)命名规则一致，来源确认"
"sha256:f4ec668f247cf453b41a63070caf9c4c03cb2b34f6849048d63ccf48fe8fb336","data/images/train/Blueberry_Berkeley_png_jpg.rf.710efe8c812e3ed520e06dc14da6262e_0_0.jpg","B_KAGGLE_BLUEBERRY_DETECTION","Blueberry Detection dataset","medium","Roboflow-style filename in the user-described B dataset subset; confirm before final submission","Kaggle zhengkunli3969/blueberry-detection-dataset; https://www.kaggle.com/datasets/zhengkunli3969/blueberry-detection-dataset","CC BY-NC-SA 4.0","确认","数据负责人","2026-06-24","文件名前缀与B数据集(Kaggle zhengkunli3969/blueberry-detection-dataset)命名规则一致，来源确认"
"sha256:f93f95e8d0771f1e872dd95794ccf176faf715d5403638652a2b658a6b5109bd","data/images/train/Blueberry_Jersey_1_jpg.rf.e9df44fcbac4216d622380d5139bf0d0_0_0.jpg","B_KAGGLE_BLUEBERRY_DETECTION","Blueberry Detection dataset","medium","Roboflow-style filename in the user-described B dataset subset; confirm before final submission","Kaggle zhengkunli3969/blueberry-detection-dataset; https://www.kaggle.com/datasets/zhengkunli3969/blueberry-detection-dataset","CC BY-NC-SA 4.0","确认","数据负责人","2026-06-24","文件名前缀与B数据集(Kaggle zhengkunli3969/blueberry-detection-dataset)命名规则一致，来源确认"
"sha256:0c0dbd1ef41e6003359e66636a72aeadef2f288b0191bbd976a5041b74449371","data/images/train/Blueberry_Jersey_jpg.rf.b5a2d0fac572418f632c30f559e71f19_0_0.jpg","B_KAGGLE_BLUEBERRY_DETECTION","Blueberry Detection dataset","medium","Roboflow-style filename in the user-described B dataset subset; confirm before final submission","Kaggle zhengkunli3969/blueberry-detection-dataset; https://www.kaggle.com/datasets/zhengkunli3969/blueberry-detection-dataset","CC BY-NC-SA 4.0","确认","数据负责人","2026-06-24","文件名前缀与B数据集(Kaggle zhengkunli3969/blueberry-detection-dataset)命名规则一致，来源确认"
"sha256:2f6e1c26c2a56fe017a21e45b2ccb3e485c8612dd4a1d80e7c75005ff2b7e0cf","data/images/train/Centurion_jpg.rf.eb099e2afb977de6b4fdfe2374aa3d01_0_0.jpg","B_KAGGLE_BLUEBERRY_DETECTION","Blueberry Detection dataset","medium","Roboflow-style filename in the user-described B dataset subset; confirm before final submission","Kaggle zhengkunli3969/blueberry-detection-dataset; https://www.kaggle.com/datasets/zhengkunli3969/blueberry-detection-dataset","CC BY-NC-SA 4.0","确认","数据负责人","2026-06-24","文件名前缀与B数据集(Kaggle zhengkunli3969/blueberry-detection-dataset)命名规则一致，来源确认"
"sha256:c9a2ab7446827426c42ec0422cd8b13fa0e14d306856e2c5b16c9a0e9425081c","data/images/train/Centurion_jpg.rf.eb099e2afb977de6b4fdfe2374aa3d01_0_1.jpg","B_KAGGLE_BLUEBERRY_DETECTION","Blueberry Detection dataset","medium","Roboflow-style filename in the user-described B dataset subset; confirm before final submission","Kaggle zhengkunli3969/blueberry-detection-dataset; https://www.kaggle.com/datasets/zhengkunli3969/blueberry-detection-dataset","CC BY-NC-SA 4.0","确认","数据负责人","2026-06-24","文件名前缀与B数据集(Kaggle zhengkunli3969/blueberry-detection-dataset)命名规则一致，来源确认"
"sha256:5e5ae7dc329a802eabd06abcd19a10213a467d2f0bb57514886c02e5b8f2e857","data/images/train/Centurion_jpg.rf.eb099e2afb977de6b4fdfe2374aa3d01_1_0.jpg","B_KAGGLE_BLUEBERRY_DETECTION","Blueberry Detection dataset","medium","Roboflow-style filename in the user-described B dataset subset; confirm before final submission","Kaggle zhengkunli3969/blueberry-detection-dataset; https://www.kaggle.com/datasets/zhengkunli3969/blueberry-detection-dataset","CC BY-NC-SA 4.0","确认","数据负责人","2026-06-24","文件名前缀与B数据集(Kaggle zhengkunli3969/blueberry-detection-dataset)命名规则一致，来源确认"
"sha256:017e0d721b58d2c33fccdc60ee1e10284b461911754b9796b78a86afa335e8c6","data/images/train/Dexter-Blueberry-1_jpeg_jpg.rf.bf9f0d3cae1aff293f2f6b05844d1efb_1_2.jpg","B_KAGGLE_BLUEBERRY_DETECTION","Blueberry Detection dataset","medium","Roboflow-style filename in the user-described B dataset subset; confirm before final submission","Kaggle zhengkunli3969/blueberry-detection-dataset; https://www.kaggle.com/datasets/zhengkunli3969/blueberry-detection-dataset","CC BY-NC-SA 4.0","确认","数据负责人","2026-06-24","文件名前缀与B数据集(Kaggle zhengkunli3969/blueberry-detection-dataset)命名规则一致，来源确认"
"sha256:23954764fc78a02f43810e996cc026a081af89b6951aaf90057c9b28879cc9bd","data/images/train/Dexter-Blueberry-1_jpeg_jpg.rf.bf9f0d3cae1aff293f2f6b05844d1efb_1_3.jpg","B_KAGGLE_BLUEBERRY_DETECTION","Blueberry Detection dataset","medium","Roboflow-style filename in the user-described B dataset subset; confirm before final submission","Kaggle zhengkunli3969/blueberry-detection-dataset; https://www.kaggle.com/datasets/zhengkunli3969/blueberry-detection-dataset","CC BY-NC-SA 4.0","确认","数据负责人","2026-06-24","文件名前缀与B数据集(Kaggle zhengkunli3969/blueberry-detection-dataset)命名规则一致，来源确认"
"sha256:af91ad38dd21168908e449a57563da57eb9c0dbe6129e345da8cc83505b28c83","data/images/train/Dreamstime_blueberry_bush_large_jpg.rf.ba55574bd830bd67369aee83c765f8f3_0_0.jpg","B_KAGGLE_BLUEBERRY_DETECTION","Blueberry Detection dataset","medium","Roboflow-style filename in the user-described B dataset subset; confirm before final submission","Kaggle zhengkunli3969/blueberry-detection-dataset; https://www.kaggle.com/datasets/zhengkunli3969/blueberry-detection-dataset","CC BY-NC-SA 4.0","确认","数据负责人","2026-06-24","文件名前缀与B数据集(Kaggle zhengkunli3969/blueberry-detection-dataset)命名规则一致，来源确认"
"sha256:b512fcf7b08c1b9dbde9db5edce390260889ae0c9945f3ae5fa237c75f37d9cb","data/images/train/FRU0088-1_1080x_jpg.rf.bb60fa46b1a00aa4756b5ed175354654_0_1.jpg","B_KAGGLE_BLUEBERRY_DETECTION","Blueberry Detection dataset","medium","Roboflow-style filename in the user-described B dataset subset; confirm before final submission","Kaggle zhengkunli3969/blueberry-detection-dataset; https://www.kaggle.com/datasets/zhengkunli3969/blueberry-detection-dataset","CC BY-NC-SA 4.0","确认","数据负责人","2026-06-24","文件名前缀与B数据集(Kaggle zhengkunli3969/blueberry-detection-dataset)命名规则一致，来源确认"
"sha256:3601dc29b6252309edda0dbe80f46b23e1ebe64c283ebcf7d9df62ac81282bda","data/images/train/FRU0088-1_1080x_jpg.rf.bb60fa46b1a00aa4756b5ed175354654_1_0.jpg","B_KAGGLE_BLUEBERRY_DETECTION","Blueberry Detection dataset","medium","Roboflow-style filename in the user-described B dataset subset; confirm before final submission","Kaggle zhengkunli3969/blueberry-detection-dataset; https://www.kaggle.com/datasets/zhengkunli3969/blueberry-detection-dataset","CC BY-NC-SA 4.0","确认","数据负责人","2026-06-24","文件名前缀与B数据集(Kaggle zhengkunli3969/blueberry-detection-dataset)命名规则一致，来源确认"
"sha256:34bc4517f4041b4e365700a3155fc3675bf0c801964cd28fbe2e846e19a38008","data/images/train/FRU0088-1_1080x_jpg.rf.bb60fa46b1a00aa4756b5ed175354654_1_1.jpg","B_KAGGLE_BLUEBERRY_DETECTION","Blueberry Detection dataset","medium","Roboflow-style filename in the user-described B dataset subset; confirm before final submission","Kaggle zhengkunli3969/blueberry-detection-dataset; https://www.kaggle.com/datasets/zhengkunli3969/blueberry-detection-dataset","CC BY-NC-SA 4.0","确认","数据负责人","2026-06-24","文件名前缀与B数据集(Kaggle zhengkunli3969/blueberry-detection-dataset)命名规则一致，来源确认"
"sha256:f5a37175355ff8c7f9d1ab3f2cc564dbd29aed59cb08041e4bb30bbf0cda35d2","data/images/train/Hanging_Blueberries_jpg.rf.345c65d8041d9f52a37d2e09712af481_0_0.jpg","B_KAGGLE_BLUEBERRY_DETECTION","Blueberry Detection dataset","medium","Roboflow-style filename in the user-described B dataset subset; confirm before final submission","Kaggle zhengkunli3969/blueberry-detection-dataset; https://www.kaggle.com/datasets/zhengkunli3969/blueberry-detection-dataset","CC BY-NC-SA 4.0","确认","数据负责人","2026-06-24","文件名前缀与B数据集(Kaggle zhengkunli3969/blueberry-detection-dataset)命名规则一致，来源确认"
"sha256:32adbea5de7fa3fcde9cc276f435c080b0fb751caf8b7f302baf1df5d09b3e3d","data/images/train/Hanging_Blueberries_jpg.rf.345c65d8041d9f52a37d2e09712af481_0_1.jpg","B_KAGGLE_BLUEBERRY_DETECTION","Blueberry Detection dataset","medium","Roboflow-style filename in the user-described B dataset subset; confirm before final submission","Kaggle zhengkunli3969/blueberry-detection-dataset; https://www.kaggle.com/datasets/zhengkunli3969/blueberry-detection-dataset","CC BY-NC-SA 4.0","确认","数据负责人","2026-06-24","文件名前缀与B数据集(Kaggle zhengkunli3969/blueberry-detection-dataset)命名规则一致，来源确认"
"sha256:217ca8693decd2fbdcf951025669e9bd0c9d03ccb0ab180e8caad8ae99127a47","data/images/train/Hanging_Blueberries_jpg.rf.345c65d8041d9f52a37d2e09712af481_1_0.jpg","B_KAGGLE_BLUEBERRY_DETECTION","Blueberry Detection dataset","medium","Roboflow-style filename in the user-described B dataset subset; confirm before final submission","Kaggle zhengkunli3969/blueberry-detection-dataset; https://www.kaggle.com/datasets/zhengkunli3969/blueberry-detection-dataset","CC BY-NC-SA 4.0","确认","数据负责人","2026-06-24","文件名前缀与B数据集(Kaggle zhengkunli3969/blueberry-detection-dataset)命名规则一致，来源确认"
"sha256:ff971b4b231cbe193dd24cb3069ffbb4626f44257e09a985ca14ac01cb48be52","data/images/train/Hanging_Blueberries_jpg.rf.345c65d8041d9f52a37d2e09712af481_1_1.jpg","B_KAGGLE_BLUEBERRY_DETECTION","Blueberry Detection dataset","medium","Roboflow-style filename in the user-described B dataset subset; confirm before final submission","Kaggle zhengkunli3969/blueberry-detection-dataset; https://www.kaggle.com/datasets/zhengkunli3969/blueberry-detection-dataset","CC BY-NC-SA 4.0","确认","数据负责人","2026-06-24","文件名前缀与B数据集(Kaggle zhengkunli3969/blueberry-detection-dataset)命名规则一致，来源确认"
"sha256:187076f6ee0c38b48af56b69adebe3fb259802fd42739bf99fff4918cab368d6","data/images/train/I-0060868_jpg.rf.595e6060d0b87d7066b0814f60e46176_0_0.jpg","B_KAGGLE_BLUEBERRY_DETECTION","Blueberry Detection dataset","medium","Roboflow-style filename in the user-described B dataset subset; confirm before final submission","Kaggle zhengkunli3969/blueberry-detection-dataset; https://www.kaggle.com/datasets/zhengkunli3969/blueberry-detection-dataset","CC BY-NC-SA 4.0","确认","数据负责人","2026-06-24","文件名前缀与B数据集(Kaggle zhengkunli3969/blueberry-detection-dataset)命名规则一致，来源确认"
"sha256:bca5ba58aeae2b84240b48bb4a13f7658fd6a00ae1bfb4a79cdd6bbd8061ef78","data/images/train/J318-05-1-_jpg.rf.1c6baba3f73c760ecf92001fcaed5063_0_0.jpg","B_KAGGLE_BLUEBERRY_DETECTION","Blueberry Detection dataset","medium","Roboflow-style filename in the user-described B dataset subset; confirm before final submission","Kaggle zhengkunli3969/blueberry-detection-dataset; https://www.kaggle.com/datasets/zhengkunli3969/blueberry-detection-dataset","CC BY-NC-SA 4.0","确认","数据负责人","2026-06-24","文件名前缀与B数据集(Kaggle zhengkunli3969/blueberry-detection-dataset)命名规则一致，来源确认"
"sha256:6030a019942c5a8a8426ecb0d42377076531f1c6716bb97bbff4cab79171eced","data/images/train/Jersey-Heirloom-Blueberry_jpg.rf.ac3e9176cb6a9a5c87dfcda1ff04687c_0_1.jpg","B_KAGGLE_BLUEBERRY_DETECTION","Blueberry Detection dataset","medium","Roboflow-style filename in the user-described B dataset subset; confirm before final submission","Kaggle zhengkunli3969/blueberry-detection-dataset; https://www.kaggle.com/datasets/zhengkunli3969/blueberry-detection-dataset","CC BY-NC-SA 4.0","确认","数据负责人","2026-06-24","文件名前缀与B数据集(Kaggle zhengkunli3969/blueberry-detection-dataset)命名规则一致，来源确认"
"sha256:c6e9741eb528c564132ee63dabc9030235c27ad73217246f1b84b412b2381f8a","data/images/train/Jersey-Heirloom-Blueberry_jpg.rf.ac3e9176cb6a9a5c87dfcda1ff04687c_1_1.jpg","B_KAGGLE_BLUEBERRY_DETECTION","Blueberry Detection dataset","medium","Roboflow-style filename in the user-described B dataset subset; confirm before final submission","Kaggle zhengkunli3969/blueberry-detection-dataset; https://www.kaggle.com/datasets/zhengkunli3969/blueberry-detection-dataset","CC BY-NC-SA 4.0","确认","数据负责人","2026-06-24","文件名前缀与B数据集(Kaggle zhengkunli3969/blueberry-detection-dataset)命名规则一致，来源确认"
"sha256:3736679ba245128d308b605f3740d611ff6eb18eaef9f3f1cc93133c34529c8a","data/images/train/Jersey-Heirloom-Blueberry_jpg.rf.ac3e9176cb6a9a5c87dfcda1ff04687c_1_2.jpg","B_KAGGLE_BLUEBERRY_DETECTION","Blueberry Detection dataset","medium","Roboflow-style filename in the user-described B dataset subset; confirm before final submission","Kaggle zhengkunli3969/blueberry-detection-dataset; https://www.kaggle.com/datasets/zhengkunli3969/blueberry-detection-dataset","CC BY-NC-SA 4.0","确认","数据负责人","2026-06-24","文件名前缀与B数据集(Kaggle zhengkunli3969/blueberry-detection-dataset)命名规则一致，来源确认"
"sha256:17a8353e831bc734e1178fb71ae1e8283897c406822790beab83b43d8d7b6a61","data/images/train/Legacy777_1___39469-1567142856_jpg.rf.575d0a8aa084dc566d345154976e75fb_0_1.jpg","B_KAGGLE_BLUEBERRY_DETECTION","Blueberry Detection dataset","medium","Roboflow-style filename in the user-described B dataset subset; confirm before final submission","Kaggle zhengkunli3969/blueberry-detection-dataset; https://www.kaggle.com/datasets/zhengkunli3969/blueberry-detection-dataset","CC BY-NC-SA 4.0","确认","数据负责人","2026-06-24","文件名前缀与B数据集(Kaggle zhengkunli3969/blueberry-detection-dataset)命名规则一致，来源确认"
"sha256:74b8695b68278e68395d1cae5c62d509379f8a00e45df38dbae86856bfb1a71c","data/images/train/Legacy_Blueberry_3_650x_jpg.rf.4602ec09cde4a049068b0ba9e9a4eaee_0_0.jpg","B_KAGGLE_BLUEBERRY_DETECTION","Blueberry Detection dataset","medium","Roboflow-style filename in the user-described B dataset subset; confirm before final submission","Kaggle zhengkunli3969/blueberry-detection-dataset; https://www.kaggle.com/datasets/zhengkunli3969/blueberry-detection-dataset","CC BY-NC-SA 4.0","确认","数据负责人","2026-06-24","文件名前缀与B数据集(Kaggle zhengkunli3969/blueberry-detection-dataset)命名规则一致，来源确认"
"sha256:9c1d0dcc1636d0f9045f7d867ff9914d7d0f9fb94d151ebc07a6787573b4028d","data/images/train/Legacy_Blueberry_3_650x_jpg.rf.4602ec09cde4a049068b0ba9e9a4eaee_0_1.jpg","B_KAGGLE_BLUEBERRY_DETECTION","Blueberry Detection dataset","medium","Roboflow-style filename in the user-described B dataset subset; confirm before final submission","Kaggle zhengkunli3969/blueberry-detection-dataset; https://www.kaggle.com/datasets/zhengkunli3969/blueberry-detection-dataset","CC BY-NC-SA 4.0","确认","数据负责人","2026-06-24","文件名前缀与B数据集(Kaggle zhengkunli3969/blueberry-detection-dataset)命名规则一致，来源确认"
"sha256:9ce0cea491017e329e0fe777f331c9ca17402d009039982d84c49f5cd76f2f6c","data/images/train/PatiotBlueberry_jpg.rf.2992f2fb30e0f6667a4ab60dcb9ca71e_0_0.jpg","B_KAGGLE_BLUEBERRY_DETECTION","Blueberry Detection dataset","medium","Roboflow-style filename in the user-described B dataset subset; confirm before final submission","Kaggle zhengkunli3969/blueberry-detection-dataset; https://www.kaggle.com/datasets/zhengkunli3969/blueberry-detection-dataset","CC BY-NC-SA 4.0","确认","数据负责人","2026-06-24","文件名前缀与B数据集(Kaggle zhengkunli3969/blueberry-detection-dataset)命名规则一致，来源确认"
"sha256:d2d7edad4a3890a982557c63fdcb82de3c4c3daec700c5dad84cddf0a2248542","data/images/train/PatiotBlueberry_jpg.rf.2992f2fb30e0f6667a4ab60dcb9ca71e_0_1.jpg","B_KAGGLE_BLUEBERRY_DETECTION","Blueberry Detection dataset","medium","Roboflow-style filename in the user-described B dataset subset; confirm before final submission","Kaggle zhengkunli3969/blueberry-detection-dataset; https://www.kaggle.com/datasets/zhengkunli3969/blueberry-detection-dataset","CC BY-NC-SA 4.0","确认","数据负责人","2026-06-24","文件名前缀与B数据集(Kaggle zhengkunli3969/blueberry-detection-dataset)命名规则一致，来源确认"
"sha256:113e1514441e7988f530abb8cc84f773a158308ae367aa664272a30d67a9cb5f","data/images/train/PatiotBlueberry_jpg.rf.2992f2fb30e0f6667a4ab60dcb9ca71e_1_0.jpg","B_KAGGLE_BLUEBERRY_DETECTION","Blueberry Detection dataset","medium","Roboflow-style filename in the user-described B dataset subset; confirm before final submission","Kaggle zhengkunli3969/blueberry-detection-dataset; https://www.kaggle.com/datasets/zhengkunli3969/blueberry-detection-dataset","CC BY-NC-SA 4.0","确认","数据负责人","2026-06-24","文件名前缀与B数据集(Kaggle zhengkunli3969/blueberry-detection-dataset)命名规则一致，来源确认"
"sha256:feae2be9bdbd701ff3822d2432bf87a07e6bcfdb843515dda677df257ae951e5","data/images/train/PatiotBlueberry_jpg.rf.2992f2fb30e0f6667a4ab60dcb9ca71e_1_1.jpg","B_KAGGLE_BLUEBERRY_DETECTION","Blueberry Detection dataset","medium","Roboflow-style filename in the user-described B dataset subset; confirm before final submission","Kaggle zhengkunli3969/blueberry-detection-dataset; https://www.kaggle.com/datasets/zhengkunli3969/blueberry-detection-dataset","CC BY-NC-SA 4.0","确认","数据负责人","2026-06-24","文件名前缀与B数据集(Kaggle zhengkunli3969/blueberry-detection-dataset)命名规则一致，来源确认"
"sha256:431154a66d3341dbe2cc37c08721c2552ab2757c4f781c04ab985d380f2171ea","data/images/train/Patriot2-1_1024x1024_jpg.rf.f0af90ee81c385d85b9cf57128fc31bd_0_1.jpg","B_KAGGLE_BLUEBERRY_DETECTION","Blueberry Detection dataset","medium","Roboflow-style filename in the user-described B dataset subset; confirm before final submission","Kaggle zhengkunli3969/blueberry-detection-dataset; https://www.kaggle.com/datasets/zhengkunli3969/blueberry-detection-dataset","CC BY-NC-SA 4.0","确认","数据负责人","2026-06-24","文件名前缀与B数据集(Kaggle zhengkunli3969/blueberry-detection-dataset)命名规则一致，来源确认"
"sha256:7e68b9b29c4aab53030082c71c25a8842e1d9163935c4c70decb67b193027f44","data/images/train/Patriot2-1_1024x1024_jpg.rf.f0af90ee81c385d85b9cf57128fc31bd_1_0.jpg","B_KAGGLE_BLUEBERRY_DETECTION","Blueberry Detection dataset","medium","Roboflow-style filename in the user-described B dataset subset; confirm before final submission","Kaggle zhengkunli3969/blueberry-detection-dataset; https://www.kaggle.com/datasets/zhengkunli3969/blueberry-detection-dataset","CC BY-NC-SA 4.0","确认","数据负责人","2026-06-24","文件名前缀与B数据集(Kaggle zhengkunli3969/blueberry-detection-dataset)命名规则一致，来源确认"
"sha256:740f328d942452183553e440909231ea5f97df05f0115e2406404efca4b2035e","data/images/train/Reka-Blueberry-1-1_jpg.rf.d2ab76e817b870b676100cce4db06658_0_0.jpg","B_KAGGLE_BLUEBERRY_DETECTION","Blueberry Detection dataset","medium","Roboflow-style filename in the user-described B dataset subset; confirm before final submission","Kaggle zhengkunli3969/blueberry-detection-dataset; https://www.kaggle.com/datasets/zhengkunli3969/blueberry-detection-dataset","CC BY-NC-SA 4.0","确认","数据负责人","2026-06-24","文件名前缀与B数据集(Kaggle zhengkunli3969/blueberry-detection-dataset)命名规则一致，来源确认"
"sha256:8844ab95139887ead138e2d595be8c97f37b9f1d18f857f2c14096d7e1c6ee62","data/images/train/Reka-Blueberry-e1553792087762-1-_jpg.rf.0180f6e38ee42dbc762749dbd8e4eefc_0_0.jpg","B_KAGGLE_BLUEBERRY_DETECTION","Blueberry Detection dataset","medium","Roboflow-style filename in the user-described B dataset subset; confirm before final submission","Kaggle zhengkunli3969/blueberry-detection-dataset; https://www.kaggle.com/datasets/zhengkunli3969/blueberry-detection-dataset","CC BY-NC-SA 4.0","确认","数据负责人","2026-06-24","文件名前缀与B数据集(Kaggle zhengkunli3969/blueberry-detection-dataset)命名规则一致，来源确认"
"sha256:6dab04242c43365481e137170ecf07f110e7ec78f3f942f6f2cb722e64211e02","data/images/train/Rubel1_png_jpg.rf.680cdaa96cfa66592df0cb0ea2040242_0_0.jpg","B_KAGGLE_BLUEBERRY_DETECTION","Blueberry Detection dataset","medium","Roboflow-style filename in the user-described B dataset subset; confirm before final submission","Kaggle zhengkunli3969/blueberry-detection-dataset; https://www.kaggle.com/datasets/zhengkunli3969/blueberry-detection-dataset","CC BY-NC-SA 4.0","确认","数据负责人","2026-06-24","文件名前缀与B数据集(Kaggle zhengkunli3969/blueberry-detection-dataset)命名规则一致，来源确认"
"sha256:4d46a7fc506f8a6d7c66d3d7636c4bd42499fe8b4b6c7c5cfea017e0e60f7077","data/images/train/Rubel1_png_jpg.rf.680cdaa96cfa66592df0cb0ea2040242_0_1.jpg","B_KAGGLE_BLUEBERRY_DETECTION","Blueberry Detection dataset","medium","Roboflow-style filename in the user-described B dataset subset; confirm before final submission","Kaggle zhengkunli3969/blueberry-detection-dataset; https://www.kaggle.com/datasets/zhengkunli3969/blueberry-detection-dataset","CC BY-NC-SA 4.0","确认","数据负责人","2026-06-24","文件名前缀与B数据集(Kaggle zhengkunli3969/blueberry-detection-dataset)命名规则一致，来源确认"
"sha256:f8781545ad4a3d92e7fbd395ac9245af1272c318382ca41b54beb0c1f472d576","data/images/train/Sunshineblue09sq_jpeg_jpg.rf.1d0c7fee2be81d23efad2758081b5c78_0_0.jpg","B_KAGGLE_BLUEBERRY_DETECTION","Blueberry Detection dataset","medium","Roboflow-style filename in the user-described B dataset subset; confirm before final submission","Kaggle zhengkunli3969/blueberry-detection-dataset; https://www.kaggle.com/datasets/zhengkunli3969/blueberry-detection-dataset","CC BY-NC-SA 4.0","确认","数据负责人","2026-06-24","文件名前缀与B数据集(Kaggle zhengkunli3969/blueberry-detection-dataset)命名规则一致，来源确认"
"sha256:013d8e2f756c334b1a971c1917a966407d53685c5c8222dfa4e3014e209e5d12","data/images/train/TOro_Blueberry_2_720x_jpg.rf.0bdaaab98dac7c6decf5e51d5ae0c6ea_0_1.jpg","B_KAGGLE_BLUEBERRY_DETECTION","Blueberry Detection dataset","medium","Roboflow-style filename in the user-described B dataset subset; confirm before final submission","Kaggle zhengkunli3969/blueberry-detection-dataset; https://www.kaggle.com/datasets/zhengkunli3969/blueberry-detection-dataset","CC BY-NC-SA 4.0","确认","数据负责人","2026-06-24","文件名前缀与B数据集(Kaggle zhengkunli3969/blueberry-detection-dataset)命名规则一致，来源确认"
"sha256:da01d25334fb83af64f915243a54b89c00daf825a7b545e4f8594ba9f2df8593","data/images/train/TOro_Blueberry_2_720x_jpg.rf.0bdaaab98dac7c6decf5e51d5ae0c6ea_1_0.jpg","B_KAGGLE_BLUEBERRY_DETECTION","Blueberry Detection dataset","medium","Roboflow-style filename in the user-described B dataset subset; confirm before final submission","Kaggle zhengkunli3969/blueberry-detection-dataset; https://www.kaggle.com/datasets/zhengkunli3969/blueberry-detection-dataset","CC BY-NC-SA 4.0","确认","数据负责人","2026-06-24","文件名前缀与B数据集(Kaggle zhengkunli3969/blueberry-detection-dataset)命名规则一致，来源确认"
"sha256:573c8d7db4a462e17b4a23c8fa4912b1456fc72b4a779b836f046f5076ad8da3","data/images/train/Tifblue_Blueberry_Bush_With_Berries_Growing__98183-1585422007-1-_jpg.rf.8e1a0fc273011f0e27c55af5396e9006_0_0.jpg","B_KAGGLE_BLUEBERRY_DETECTION","Blueberry Detection dataset","medium","Roboflow-style filename in the user-described B dataset subset; confirm before final submission","Kaggle zhengkunli3969/blueberry-detection-dataset; https://www.kaggle.com/datasets/zhengkunli3969/blueberry-detection-dataset","CC BY-NC-SA 4.0","确认","数据负责人","2026-06-24","文件名前缀与B数据集(Kaggle zhengkunli3969/blueberry-detection-dataset)命名规则一致，来源确认"
"sha256:0eb6b47e5111c0c2caed820dd12ed1a71dca4fc72a9ea0377bccd19c5dca9271","data/images/train/Tifblue_Blueberry_Bush_With_Berries_Growing__98183-1585422007-1-_jpg.rf.8e1a0fc273011f0e27c55af5396e9006_1_0.jpg","B_KAGGLE_BLUEBERRY_DETECTION","Blueberry Detection dataset","medium","Roboflow-style filename in the user-described B dataset subset; confirm before final submission","Kaggle zhengkunli3969/blueberry-detection-dataset; https://www.kaggle.com/datasets/zhengkunli3969/blueberry-detection-dataset","CC BY-NC-SA 4.0","确认","数据负责人","2026-06-24","文件名前缀与B数据集(Kaggle zhengkunli3969/blueberry-detection-dataset)命名规则一致，来源确认"
"sha256:082ab08355834ba11dc2c693fcd662d541d696510b25336f4c46ce5f054b87dd","data/images/train/Tifblue_Blueberry_Bush_With_Berries_Growing__98183-1585422007-1-_jpg.rf.8e1a0fc273011f0e27c55af5396e9006_1_1.jpg","B_KAGGLE_BLUEBERRY_DETECTION","Blueberry Detection dataset","medium","Roboflow-style filename in the user-described B dataset subset; confirm before final submission","Kaggle zhengkunli3969/blueberry-detection-dataset; https://www.kaggle.com/datasets/zhengkunli3969/blueberry-detection-dataset","CC BY-NC-SA 4.0","确认","数据负责人","2026-06-24","文件名前缀与B数据集(Kaggle zhengkunli3969/blueberry-detection-dataset)命名规则一致，来源确认"
"sha256:158a49d900ef96da8bd9577ac7d1ba4f835eaa4988bf13a1cbeb9829afd0a3f6","data/images/train/Vacc3_Reyna_Aug19_jpg.rf.92b7b0edc04de481a10f9cc6672fa58d_0_0.jpg","B_KAGGLE_BLUEBERRY_DETECTION","Blueberry Detection dataset","medium","Roboflow-style filename in the user-described B dataset subset; confirm before final submission","Kaggle zhengkunli3969/blueberry-detection-dataset; https://www.kaggle.com/datasets/zhengkunli3969/blueberry-detection-dataset","CC BY-NC-SA 4.0","确认","数据负责人","2026-06-24","文件名前缀与B数据集(Kaggle zhengkunli3969/blueberry-detection-dataset)命名规则一致，来源确认"
"sha256:1c4e5ff2974b5f79d731e7c871a0de4ee1c6e4698f1897092e2b289193cecc8d","data/images/train/Vacc3_Reyna_Aug19_jpg.rf.92b7b0edc04de481a10f9cc6672fa58d_1_1.jpg","B_KAGGLE_BLUEBERRY_DETECTION","Blueberry Detection dataset","medium","Roboflow-style filename in the user-described B dataset subset; confirm before final submission","Kaggle zhengkunli3969/blueberry-detection-dataset; https://www.kaggle.com/datasets/zhengkunli3969/blueberry-detection-dataset","CC BY-NC-SA 4.0","确认","数据负责人","2026-06-24","文件名前缀与B数据集(Kaggle zhengkunli3969/blueberry-detection-dataset)命名规则一致，来源确认"
"sha256:9f8c641d62e9c94524e46f7731aa4d7ef9c50d3bfbc2fbfe36d1305d59717191","data/images/train/blptch1_jpg.rf.60d28a35ba5dd075776bc9e40375d765_0_0.jpg","B_KAGGLE_BLUEBERRY_DETECTION","Blueberry Detection dataset","medium","Roboflow-style filename in the user-described B dataset subset; confirm before final submission","Kaggle zhengkunli3969/blueberry-detection-dataset; https://www.kaggle.com/datasets/zhengkunli3969/blueberry-detection-dataset","CC BY-NC-SA 4.0","确认","数据负责人","2026-06-24","文件名前缀与B数据集(Kaggle zhengkunli3969/blueberry-detection-dataset)命名规则一致，来源确认"
"sha256:14a612953548a071f99933165e5ee7367a5aaf146b1b870643bb79d0579fdc93","data/images/train/blueberries-1-_jpg.rf.077ddb17e53ab2e178017631525ab82f_0_0.jpg","B_KAGGLE_BLUEBERRY_DETECTION","Blueberry Detection dataset","medium","Roboflow-style filename in the user-described B dataset subset; confirm before final submission","Kaggle zhengkunli3969/blueberry-detection-dataset; https://www.kaggle.com/datasets/zhengkunli3969/blueberry-detection-dataset","CC BY-NC-SA 4.0","确认","数据负责人","2026-06-24","文件名前缀与B数据集(Kaggle zhengkunli3969/blueberry-detection-dataset)命名规则一致，来源确认"
"sha256:00d29370850ac1fd6f01bbf9310448538e68cd29c936f6e1e9fd8077dd0eb75a","data/images/train/blueberries-1-_jpg.rf.f71f706a8e91d913ec1f6920e44182fe_0_0.jpg","B_KAGGLE_BLUEBERRY_DETECTION","Blueberry Detection dataset","medium","Roboflow-style filename in the user-described B dataset subset; confirm before final submission","Kaggle zhengkunli3969/blueberry-detection-dataset; https://www.kaggle.com/datasets/zhengkunli3969/blueberry-detection-dataset","CC BY-NC-SA 4.0","确认","数据负责人","2026-06-24","文件名前缀与B数据集(Kaggle zhengkunli3969/blueberry-detection-dataset)命名规则一致，来源确认"
"sha256:3a8850f4eebdc62d1bb3ba9e7cff51a0a69009fb07e7120d748b010b93ff0285","data/images/train/blueberry-plant-1616821340-5769354_jpeg_jpg.rf.3a5ae2ff40b17b69495d8fb70617e292_0_1.jpg","B_KAGGLE_BLUEBERRY_DETECTION","Blueberry Detection dataset","medium","Roboflow-style filename in the user-described B dataset subset; confirm before final submission","Kaggle zhengkunli3969/blueberry-detection-dataset; https://www.kaggle.com/datasets/zhengkunli3969/blueberry-detection-dataset","CC BY-NC-SA 4.0","确认","数据负责人","2026-06-24","文件名前缀与B数据集(Kaggle zhengkunli3969/blueberry-detection-dataset)命名规则一致，来源确认"
"sha256:538e53b0f0a28afdae1f21052208e858a0088eac821f09a561d351a8c8b6c8d2","data/images/train/blueberry-vaccinium-nelson-9cm-p3876-30388_image_png_jpg.rf.9ef4e7ee989502cf23b83798ef6cf789_0_0.jpg","B_KAGGLE_BLUEBERRY_DETECTION","Blueberry Detection dataset","medium","Roboflow-style filename in the user-described B dataset subset; confirm before final submission","Kaggle zhengkunli3969/blueberry-detection-dataset; https://www.kaggle.com/datasets/zhengkunli3969/blueberry-detection-dataset","CC BY-NC-SA 4.0","确认","数据负责人","2026-06-24","文件名前缀与B数据集(Kaggle zhengkunli3969/blueberry-detection-dataset)命名规则一致，来源确认"
"sha256:2e4350a01e9b24be3e165176b93a7faf0fef3186149a9c42729e6e24df2fdcd1","data/images/train/blueberry-vaccinium-nelson-9cm-p3876-30388_image_png_jpg.rf.9ef4e7ee989502cf23b83798ef6cf789_0_1.jpg","B_KAGGLE_BLUEBERRY_DETECTION","Blueberry Detection dataset","medium","Roboflow-style filename in the user-described B dataset subset; confirm before final submission","Kaggle zhengkunli3969/blueberry-detection-dataset; https://www.kaggle.com/datasets/zhengkunli3969/blueberry-detection-dataset","CC BY-NC-SA 4.0","确认","数据负责人","2026-06-24","文件名前缀与B数据集(Kaggle zhengkunli3969/blueberry-detection-dataset)命名规则一致，来源确认"
"sha256:4e7b6f35acae72bcf5edd09a95af1c02b005497e897ef2735c766f96d25ec335","data/images/train/blueberry-vaccinium-nelson-9cm-p3876-30388_image_png_jpg.rf.9ef4e7ee989502cf23b83798ef6cf789_1_0.jpg","B_KAGGLE_BLUEBERRY_DETECTION","Blueberry Detection dataset","medium","Roboflow-style filename in the user-described B dataset subset; confirm before final submission","Kaggle zhengkunli3969/blueberry-detection-dataset; https://www.kaggle.com/datasets/zhengkunli3969/blueberry-detection-dataset","CC BY-NC-SA 4.0","确认","数据负责人","2026-06-24","文件名前缀与B数据集(Kaggle zhengkunli3969/blueberry-detection-dataset)命名规则一致，来源确认"
"sha256:75a94d4070669e7822f56eb48bd499a6e8aa2f37bca8227b210c6065af5e20c9","data/images/train/blueberry-vaccinium-nelson-9cm-p3876-30388_image_png_jpg.rf.9ef4e7ee989502cf23b83798ef6cf789_1_1.jpg","B_KAGGLE_BLUEBERRY_DETECTION","Blueberry Detection dataset","medium","Roboflow-style filename in the user-described B dataset subset; confirm before final submission","Kaggle zhengkunli3969/blueberry-detection-dataset; https://www.kaggle.com/datasets/zhengkunli3969/blueberry-detection-dataset","CC BY-NC-SA 4.0","确认","数据负责人","2026-06-24","文件名前缀与B数据集(Kaggle zhengkunli3969/blueberry-detection-dataset)命名规则一致，来源确认"
"sha256:91ffbdfc6e3214ceafbedb83bfc2a8732b1b3dca8afb0115e7f89bfa841a674d","data/images/train/blueberry_cluster_jpg.rf.70af70b1066ca34e2b232ed02a726176_0_1.jpg","B_KAGGLE_BLUEBERRY_DETECTION","Blueberry Detection dataset","medium","Roboflow-style filename in the user-described B dataset subset; confirm before final submission","Kaggle zhengkunli3969/blueberry-detection-dataset; https://www.kaggle.com/datasets/zhengkunli3969/blueberry-detection-dataset","CC BY-NC-SA 4.0","确认","数据负责人","2026-06-24","文件名前缀与B数据集(Kaggle zhengkunli3969/blueberry-detection-dataset)命名规则一致，来源确认"
"sha256:8d8ff74b496fddddf6fdecc8ce650e88b5333a6138c72348504cf0091153cd49","data/images/train/blueberry_cluster_jpg.rf.70af70b1066ca34e2b232ed02a726176_0_2.jpg","B_KAGGLE_BLUEBERRY_DETECTION","Blueberry Detection dataset","medium","Roboflow-style filename in the user-described B dataset subset; confirm before final submission","Kaggle zhengkunli3969/blueberry-detection-dataset; https://www.kaggle.com/datasets/zhengkunli3969/blueberry-detection-dataset","CC BY-NC-SA 4.0","确认","数据负责人","2026-06-24","文件名前缀与B数据集(Kaggle zhengkunli3969/blueberry-detection-dataset)命名规则一致，来源确认"
"sha256:23ef868a3bbab1e6143e28a2e41a941db179e0d1e5c799f62336c8bf89e2fb68","data/images/train/blueberry_cluster_jpg.rf.70af70b1066ca34e2b232ed02a726176_1_0.jpg","B_KAGGLE_BLUEBERRY_DETECTION","Blueberry Detection dataset","medium","Roboflow-style filename in the user-described B dataset subset; confirm before final submission","Kaggle zhengkunli3969/blueberry-detection-dataset; https://www.kaggle.com/datasets/zhengkunli3969/blueberry-detection-dataset","CC BY-NC-SA 4.0","确认","数据负责人","2026-06-24","文件名前缀与B数据集(Kaggle zhengkunli3969/blueberry-detection-dataset)命名规则一致，来源确认"
"sha256:6f88949728799c983f103ea62f6e8d0dbf0fa568eae8dec2952c4585adfa6f5d","data/images/train/blueberry_cluster_jpg.rf.70af70b1066ca34e2b232ed02a726176_1_2.jpg","B_KAGGLE_BLUEBERRY_DETECTION","Blueberry Detection dataset","medium","Roboflow-style filename in the user-described B dataset subset; confirm before final submission","Kaggle zhengkunli3969/blueberry-detection-dataset; https://www.kaggle.com/datasets/zhengkunli3969/blueberry-detection-dataset","CC BY-NC-SA 4.0","确认","数据负责人","2026-06-24","文件名前缀与B数据集(Kaggle zhengkunli3969/blueberry-detection-dataset)命名规则一致，来源确认"
"sha256:2c7743087621befc74106e8c5371a6065e02521a82eddd303976af21fc49ef1c","data/images/train/fv371-a_800x-1-_jpg.rf.34adbdff9f6534178b923d61a792515f_0_0.jpg","B_KAGGLE_BLUEBERRY_DETECTION","Blueberry Detection dataset","medium","Roboflow-style filename in the user-described B dataset subset; confirm before final submission","Kaggle zhengkunli3969/blueberry-detection-dataset; https://www.kaggle.com/datasets/zhengkunli3969/blueberry-detection-dataset","CC BY-NC-SA 4.0","确认","数据负责人","2026-06-24","文件名前缀与B数据集(Kaggle zhengkunli3969/blueberry-detection-dataset)命名规则一致，来源确认"
"sha256:5f4937ccc25941f0251f7b18e6d0c9b1619a01d3af062f3c6ca0580b37d31bed","data/images/train/fv371-a_800x-1-_jpg.rf.34adbdff9f6534178b923d61a792515f_0_1.jpg","B_KAGGLE_BLUEBERRY_DETECTION","Blueberry Detection dataset","medium","Roboflow-style filename in the user-described B dataset subset; confirm before final submission","Kaggle zhengkunli3969/blueberry-detection-dataset; https://www.kaggle.com/datasets/zhengkunli3969/blueberry-detection-dataset","CC BY-NC-SA 4.0","确认","数据负责人","2026-06-24","文件名前缀与B数据集(Kaggle zhengkunli3969/blueberry-detection-dataset)命名规则一致，来源确认"
"sha256:3f736e37cdbe475fd2c22e7b6bf2c9c31ff1584ad45d9e8a5549e8d0b046373a","data/images/train/fv371-a_800x-1-_jpg.rf.34adbdff9f6534178b923d61a792515f_1_0.jpg","B_KAGGLE_BLUEBERRY_DETECTION","Blueberry Detection dataset","medium","Roboflow-style filename in the user-described B dataset subset; confirm before final submission","Kaggle zhengkunli3969/blueberry-detection-dataset; https://www.kaggle.com/datasets/zhengkunli3969/blueberry-detection-dataset","CC BY-NC-SA 4.0","确认","数据负责人","2026-06-24","文件名前缀与B数据集(Kaggle zhengkunli3969/blueberry-detection-dataset)命名规则一致，来源确认"
"sha256:929ea2ec16f6c7b042623cb9e528e0746d885dffdeda58ac69ee71f5b2399376","data/images/train/gurney-s-fruit-plants-62273-64_1000_jpg.rf.ba2686c21a4caa69329c5cbf3448dcfe_0_0.jpg","B_KAGGLE_BLUEBERRY_DETECTION","Blueberry Detection dataset","medium","Roboflow-style filename in the user-described B dataset subset; confirm before final submission","Kaggle zhengkunli3969/blueberry-detection-dataset; https://www.kaggle.com/datasets/zhengkunli3969/blueberry-detection-dataset","CC BY-NC-SA 4.0","确认","数据负责人","2026-06-24","文件名前缀与B数据集(Kaggle zhengkunli3969/blueberry-detection-dataset)命名规则一致，来源确认"
"sha256:942fdad77f48b574dcf6ab852e835199dab44b687dfbca224e0bff552397c19e","data/images/train/gurney-s-fruit-plants-62273-64_1000_jpg.rf.ba2686c21a4caa69329c5cbf3448dcfe_1_1.jpg","B_KAGGLE_BLUEBERRY_DETECTION","Blueberry Detection dataset","medium","Roboflow-style filename in the user-described B dataset subset; confirm before final submission","Kaggle zhengkunli3969/blueberry-detection-dataset; https://www.kaggle.com/datasets/zhengkunli3969/blueberry-detection-dataset","CC BY-NC-SA 4.0","确认","数据负责人","2026-06-24","文件名前缀与B数据集(Kaggle zhengkunli3969/blueberry-detection-dataset)命名规则一致，来源确认"
"sha256:45daf09402731ab8339c64c9d1f534cec3f76c81eb459d62dd2f88d7181cf257","data/images/train/il_570xN-1224059662_4uwq_jpg.rf.e60c8fcd3c7978def12ce3946c118902_1_0.jpg","B_KAGGLE_BLUEBERRY_DETECTION","Blueberry Detection dataset","medium","Roboflow-style filename in the user-described B dataset subset; confirm before final submission","Kaggle zhengkunli3969/blueberry-detection-dataset; https://www.kaggle.com/datasets/zhengkunli3969/blueberry-detection-dataset","CC BY-NC-SA 4.0","确认","数据负责人","2026-06-24","文件名前缀与B数据集(Kaggle zhengkunli3969/blueberry-detection-dataset)命名规则一致，来源确认"
"sha256:b3054648a0bdc072d650626e15c401ef70de61895edd734f9cbcc5e5ee6ff71b","data/images/train/images-2-_jpeg_jpg.rf.42a407442e3b9c2e4972875e6da8494d_0_0.jpg","B_KAGGLE_BLUEBERRY_DETECTION","Blueberry Detection dataset","medium","Roboflow-style filename in the user-described B dataset subset; confirm before final submission","Kaggle zhengkunli3969/blueberry-detection-dataset; https://www.kaggle.com/datasets/zhengkunli3969/blueberry-detection-dataset","CC BY-NC-SA 4.0","确认","数据负责人","2026-06-24","文件名前缀与B数据集(Kaggle zhengkunli3969/blueberry-detection-dataset)命名规则一致，来源确认"
"sha256:ab5c9d38c09a3e6a7f8df2bc86ef8d661f73335b6af9da2ba08b159692d0a2be","data/images/train/images_jpeg_jpg.rf.8ec28bfdf05c4e893f1a9f72b8db431a_0_0.jpg","B_KAGGLE_BLUEBERRY_DETECTION","Blueberry Detection dataset","medium","Roboflow-style filename in the user-described B dataset subset; confirm before final submission","Kaggle zhengkunli3969/blueberry-detection-dataset; https://www.kaggle.com/datasets/zhengkunli3969/blueberry-detection-dataset","CC BY-NC-SA 4.0","确认","数据负责人","2026-06-24","文件名前缀与B数据集(Kaggle zhengkunli3969/blueberry-detection-dataset)命名规则一致，来源确认"
"sha256:e731c201eac6420a87c6115ee151b09fe16cdc16a015946c7334e3441cb1c057","data/images/train/istockphoto-171314137-612x612-1-_jpg.rf.1fd48778632cc1ab61ab99dd52b85a54_0_0.jpg","B_KAGGLE_BLUEBERRY_DETECTION","Blueberry Detection dataset","medium","Roboflow-style filename in the user-described B dataset subset; confirm before final submission","Kaggle zhengkunli3969/blueberry-detection-dataset; https://www.kaggle.com/datasets/zhengkunli3969/blueberry-detection-dataset","CC BY-NC-SA 4.0","确认","数据负责人","2026-06-24","文件名前缀与B数据集(Kaggle zhengkunli3969/blueberry-detection-dataset)命名规则一致，来源确认"
"sha256:39b872f7d9c36b74d77e73528028f85551cc52bd06ffe70f0538c0d60e46df02","data/images/train/legacy-600x600_jpg.rf.641d0e3dbd3b95ab1c8f7e5a7474cc07_0_0.jpg","B_KAGGLE_BLUEBERRY_DETECTION","Blueberry Detection dataset","medium","Roboflow-style filename in the user-described B dataset subset; confirm before final submission","Kaggle zhengkunli3969/blueberry-detection-dataset; https://www.kaggle.com/datasets/zhengkunli3969/blueberry-detection-dataset","CC BY-NC-SA 4.0","确认","数据负责人","2026-06-24","文件名前缀与B数据集(Kaggle zhengkunli3969/blueberry-detection-dataset)命名规则一致，来源确认"
"sha256:bbe23a913b61ff7b1a2bc81911f5ee9b2199ee5d306489dd16346f4f0235e0b4","data/images/train/lgdraper_2_varieties-300x300_jpg.rf.2d4c88d6cc647e7a6870bbd3f49963bd_0_0.jpg","B_KAGGLE_BLUEBERRY_DETECTION","Blueberry Detection dataset","medium","Roboflow-style filename in the user-described B dataset subset; confirm before final submission","Kaggle zhengkunli3969/blueberry-detection-dataset; https://www.kaggle.com/datasets/zhengkunli3969/blueberry-detection-dataset","CC BY-NC-SA 4.0","确认","数据负责人","2026-06-24","文件名前缀与B数据集(Kaggle zhengkunli3969/blueberry-detection-dataset)命名规则一致，来源确认"
"sha256:c1537ce8f125918f33cfb87fee3592bac6d9d69012fba4eb3adbe4c6670f09e7","data/images/train/misty-blueberry_grande_jpg.rf.4115860e527819690d6b285362ad6cff_0_0.jpg","B_KAGGLE_BLUEBERRY_DETECTION","Blueberry Detection dataset","medium","Roboflow-style filename in the user-described B dataset subset; confirm before final submission","Kaggle zhengkunli3969/blueberry-detection-dataset; https://www.kaggle.com/datasets/zhengkunli3969/blueberry-detection-dataset","CC BY-NC-SA 4.0","确认","数据负责人","2026-06-24","文件名前缀与B数据集(Kaggle zhengkunli3969/blueberry-detection-dataset)命名规则一致，来源确认"
"sha256:3bd55905ee6502c3074d137bf1623061418b5d916385efb01c4dbd804c4ffdc5","data/images/train/national-plant-network-bushes-hd7066-64_1000_jpg.rf.37b5cae1c51431be3138a4374d68d5a1_0_0.jpg","B_KAGGLE_BLUEBERRY_DETECTION","Blueberry Detection dataset","medium","Roboflow-style filename in the user-described B dataset subset; confirm before final submission","Kaggle zhengkunli3969/blueberry-detection-dataset; https://www.kaggle.com/datasets/zhengkunli3969/blueberry-detection-dataset","CC BY-NC-SA 4.0","确认","数据负责人","2026-06-24","文件名前缀与B数据集(Kaggle zhengkunli3969/blueberry-detection-dataset)命名规则一致，来源确认"
"sha256:85a49ddf2316f51a8defe30d1609d065ec55276f072413822a8f36c20a1c41a1","data/images/train/national-plant-network-bushes-hd7066-64_1000_jpg.rf.37b5cae1c51431be3138a4374d68d5a1_1_1.jpg","B_KAGGLE_BLUEBERRY_DETECTION","Blueberry Detection dataset","medium","Roboflow-style filename in the user-described B dataset subset; confirm before final submission","Kaggle zhengkunli3969/blueberry-detection-dataset; https://www.kaggle.com/datasets/zhengkunli3969/blueberry-detection-dataset","CC BY-NC-SA 4.0","确认","数据负责人","2026-06-24","文件名前缀与B数据集(Kaggle zhengkunli3969/blueberry-detection-dataset)命名规则一致，来源确认"
"sha256:0aa67363917146aad759571adc707d4310a4f27fd411ee9298d0c98d42a4e9d9","data/images/train/pg-blueberry-800x800-1-_jpg.rf.740ac0199e2491e383ff527ad4143ae3_0_1.jpg","B_KAGGLE_BLUEBERRY_DETECTION","Blueberry Detection dataset","medium","Roboflow-style filename in the user-described B dataset subset; confirm before final submission","Kaggle zhengkunli3969/blueberry-detection-dataset; https://www.kaggle.com/datasets/zhengkunli3969/blueberry-detection-dataset","CC BY-NC-SA 4.0","确认","数据负责人","2026-06-24","文件名前缀与B数据集(Kaggle zhengkunli3969/blueberry-detection-dataset)命名规则一致，来源确认"
"sha256:54dd037856d969b06c73801ded810f9c731222cef68b9dbd2483882dbc20e844","data/images/train/pg-blueberry-800x800-1-_jpg.rf.740ac0199e2491e383ff527ad4143ae3_1_0.jpg","B_KAGGLE_BLUEBERRY_DETECTION","Blueberry Detection dataset","medium","Roboflow-style filename in the user-described B dataset subset; confirm before final submission","Kaggle zhengkunli3969/blueberry-detection-dataset; https://www.kaggle.com/datasets/zhengkunli3969/blueberry-detection-dataset","CC BY-NC-SA 4.0","确认","数据负责人","2026-06-24","文件名前缀与B数据集(Kaggle zhengkunli3969/blueberry-detection-dataset)命名规则一致，来源确认"
"sha256:142e67a92a1aa091f1da27035d6d2d11794ebae2ccae409d0aa91601344df317","data/images/train/pg-blueberry-800x800-1-_jpg.rf.740ac0199e2491e383ff527ad4143ae3_1_1.jpg","B_KAGGLE_BLUEBERRY_DETECTION","Blueberry Detection dataset","medium","Roboflow-style filename in the user-described B dataset subset; confirm before final submission","Kaggle zhengkunli3969/blueberry-detection-dataset; https://www.kaggle.com/datasets/zhengkunli3969/blueberry-detection-dataset","CC BY-NC-SA 4.0","确认","数据负责人","2026-06-24","文件名前缀与B数据集(Kaggle zhengkunli3969/blueberry-detection-dataset)命名规则一致，来源确认"
"sha256:9157be5d14a904661b610eba486f82c152c067336c3dc6036ad448b33ae7a884","data/images/train/premier-rabbiteye-blueberries-vaccinium-virgatu-828x543_jpeg_jpg.rf.b29e397b3ad3eeb18bb09ed7f83b7ad1_0_0.jpg","B_KAGGLE_BLUEBERRY_DETECTION","Blueberry Detection dataset","medium","Roboflow-style filename in the user-described B dataset subset; confirm before final submission","Kaggle zhengkunli3969/blueberry-detection-dataset; https://www.kaggle.com/datasets/zhengkunli3969/blueberry-detection-dataset","CC BY-NC-SA 4.0","确认","数据负责人","2026-06-24","文件名前缀与B数据集(Kaggle zhengkunli3969/blueberry-detection-dataset)命名规则一致，来源确认"
"sha256:ad3605ffa90ef0640ff59c501221c16010e112db019505d607a30c5a0c09c752","data/images/train/premier-rabbiteye-blueberries-vaccinium-virgatu-828x543_jpeg_jpg.rf.b29e397b3ad3eeb18bb09ed7f83b7ad1_0_1.jpg","B_KAGGLE_BLUEBERRY_DETECTION","Blueberry Detection dataset","medium","Roboflow-style filename in the user-described B dataset subset; confirm before final submission","Kaggle zhengkunli3969/blueberry-detection-dataset; https://www.kaggle.com/datasets/zhengkunli3969/blueberry-detection-dataset","CC BY-NC-SA 4.0","确认","数据负责人","2026-06-24","文件名前缀与B数据集(Kaggle zhengkunli3969/blueberry-detection-dataset)命名规则一致，来源确认"
"sha256:dc2d71d7945c1b6057eb0610ad855c08e73778c373ecd568f99378f8b71d6b76","data/images/train/rabbiteye-4_1920_jpg.rf.45cd435fc408b712d6c3cf7c2b662e15_0_1.jpg","B_KAGGLE_BLUEBERRY_DETECTION","Blueberry Detection dataset","medium","Roboflow-style filename in the user-described B dataset subset; confirm before final submission","Kaggle zhengkunli3969/blueberry-detection-dataset; https://www.kaggle.com/datasets/zhengkunli3969/blueberry-detection-dataset","CC BY-NC-SA 4.0","确认","数据负责人","2026-06-24","文件名前缀与B数据集(Kaggle zhengkunli3969/blueberry-detection-dataset)命名规则一致，来源确认"
"sha256:4b25e727d788d9e0deda0eae88355be2473bea75e5eb35aadd487a9b87c104a6","data/images/train/rabbiteye-4_1920_jpg.rf.45cd435fc408b712d6c3cf7c2b662e15_1_1.jpg","B_KAGGLE_BLUEBERRY_DETECTION","Blueberry Detection dataset","medium","Roboflow-style filename in the user-described B dataset subset; confirm before final submission","Kaggle zhengkunli3969/blueberry-detection-dataset; https://www.kaggle.com/datasets/zhengkunli3969/blueberry-detection-dataset","CC BY-NC-SA 4.0","确认","数据负责人","2026-06-24","文件名前缀与B数据集(Kaggle zhengkunli3969/blueberry-detection-dataset)命名规则一致，来源确认"
"sha256:e637f2fee0ba75117a624cc463dd381b3ba7d821a725582ffba5221b0cbc3ffd","data/images/train/shutterstock_1195250836Optimized_jpg.rf.a02ad11c67334a4030b5031659bae257_0_0.jpg","B_KAGGLE_BLUEBERRY_DETECTION","Blueberry Detection dataset","medium","Roboflow-style filename in the user-described B dataset subset; confirm before final submission","Kaggle zhengkunli3969/blueberry-detection-dataset; https://www.kaggle.com/datasets/zhengkunli3969/blueberry-detection-dataset","CC BY-NC-SA 4.0","确认","数据负责人","2026-06-24","文件名前缀与B数据集(Kaggle zhengkunli3969/blueberry-detection-dataset)命名规则一致，来源确认"
"sha256:a0f06331b3e06b5b882dca6cccdb3c1b73d7a6563ac8bbef9fb194b0ba2b4480","data/images/train/shutterstock_509515990-blueberries-on-bush_jpg.rf.0e2fa0a023554ed65b70ecc850dde8fc_0_0.jpg","B_KAGGLE_BLUEBERRY_DETECTION","Blueberry Detection dataset","medium","Roboflow-style filename in the user-described B dataset subset; confirm before final submission","Kaggle zhengkunli3969/blueberry-detection-dataset; https://www.kaggle.com/datasets/zhengkunli3969/blueberry-detection-dataset","CC BY-NC-SA 4.0","确认","数据负责人","2026-06-24","文件名前缀与B数据集(Kaggle zhengkunli3969/blueberry-detection-dataset)命名规则一致，来源确认"
"sha256:d08c53f68760631df33edb3b1c205f01ca1c9a60ab50ad5e9e56cd608e5766d6","data/images/train/shutterstock_509515990-blueberries-on-bush_jpg.rf.0e2fa0a023554ed65b70ecc850dde8fc_0_1.jpg","B_KAGGLE_BLUEBERRY_DETECTION","Blueberry Detection dataset","medium","Roboflow-style filename in the user-described B dataset subset; confirm before final submission","Kaggle zhengkunli3969/blueberry-detection-dataset; https://www.kaggle.com/datasets/zhengkunli3969/blueberry-detection-dataset","CC BY-NC-SA 4.0","确认","数据负责人","2026-06-24","文件名前缀与B数据集(Kaggle zhengkunli3969/blueberry-detection-dataset)命名规则一致，来源确认"
"sha256:a6ecaa9e6e462d60e5bf38c781fbb34451adbba8e4dfcd99a3ee5f7c58608679","data/images/train/shutterstock_509515990-blueberries-on-bush_jpg.rf.0e2fa0a023554ed65b70ecc850dde8fc_1_0.jpg","B_KAGGLE_BLUEBERRY_DETECTION","Blueberry Detection dataset","medium","Roboflow-style filename in the user-described B dataset subset; confirm before final submission","Kaggle zhengkunli3969/blueberry-detection-dataset; https://www.kaggle.com/datasets/zhengkunli3969/blueberry-detection-dataset","CC BY-NC-SA 4.0","确认","数据负责人","2026-06-24","文件名前缀与B数据集(Kaggle zhengkunli3969/blueberry-detection-dataset)命名规则一致，来源确认"
"sha256:38a312cb0c6cc7265986fdc32e3ef50494a28c92d437cb1945f513755b152957","data/images/train/shutterstock_509515990-blueberries-on-bush_jpg.rf.0e2fa0a023554ed65b70ecc850dde8fc_1_1.jpg","B_KAGGLE_BLUEBERRY_DETECTION","Blueberry Detection dataset","medium","Roboflow-style filename in the user-described B dataset subset; confirm before final submission","Kaggle zhengkunli3969/blueberry-detection-dataset; https://www.kaggle.com/datasets/zhengkunli3969/blueberry-detection-dataset","CC BY-NC-SA 4.0","确认","数据负责人","2026-06-24","文件名前缀与B数据集(Kaggle zhengkunli3969/blueberry-detection-dataset)命名规则一致，来源确认"
"sha256:6c41742c736b53b8b0717c1ab42d179b4dfa0b251da90292ddbc14b6ebfb6f86","data/images/train/webimage-768CEEEB-19E1-4BF4-BB313327439CF734_png_jpg.rf.36f69a41e5160ff0e72e71245dbf9459_0_1.jpg","B_KAGGLE_BLUEBERRY_DETECTION","Blueberry Detection dataset","medium","Roboflow-style filename in the user-described B dataset subset; confirm before final submission","Kaggle zhengkunli3969/blueberry-detection-dataset; https://www.kaggle.com/datasets/zhengkunli3969/blueberry-detection-dataset","CC BY-NC-SA 4.0","确认","数据负责人","2026-06-24","文件名前缀与B数据集(Kaggle zhengkunli3969/blueberry-detection-dataset)命名规则一致，来源确认"
"sha256:7a5c63e3781ad91171154289d0d41363f9ddfd2b6dd21ef6903d2539910ec1e6","data/images/validation/14214743PA_jpg.rf.486f3baa33b1efd96f4155359af47bc5_0_0.jpg","B_KAGGLE_BLUEBERRY_DETECTION","Blueberry Detection dataset","medium","Roboflow-style filename in the user-described B dataset subset; confirm before final submission","Kaggle zhengkunli3969/blueberry-detection-dataset; https://www.kaggle.com/datasets/zhengkunli3969/blueberry-detection-dataset","CC BY-NC-SA 4.0","确认","数据负责人","2026-06-24","文件名前缀与B数据集(Kaggle zhengkunli3969/blueberry-detection-dataset)命名规则一致，来源确认"
"sha256:1ca7e97a3b3d50eb53182c624ebf03af26eb5e5975ffbebe12e2d1c63a02f795","data/images/validation/23074385-standard_jpg.rf.10accc0a26020584aee262aefdacbdc8_0_0.jpg","B_KAGGLE_BLUEBERRY_DETECTION","Blueberry Detection dataset","medium","Roboflow-style filename in the user-described B dataset subset; confirm before final submission","Kaggle zhengkunli3969/blueberry-detection-dataset; https://www.kaggle.com/datasets/zhengkunli3969/blueberry-detection-dataset","CC BY-NC-SA 4.0","确认","数据负责人","2026-06-24","文件名前缀与B数据集(Kaggle zhengkunli3969/blueberry-detection-dataset)命名规则一致，来源确认"
"sha256:ce4f9a6ae2198e8038a911b7e99d4a56883998792e91ba6337dfcfe82f96c5b8","data/images/validation/65897A-1-_jpg.rf.1b7d77ce14cf5c55bfd05d6bb38e7f0b_1_0.jpg","B_KAGGLE_BLUEBERRY_DETECTION","Blueberry Detection dataset","medium","Roboflow-style filename in the user-described B dataset subset; confirm before final submission","Kaggle zhengkunli3969/blueberry-detection-dataset; https://www.kaggle.com/datasets/zhengkunli3969/blueberry-detection-dataset","CC BY-NC-SA 4.0","确认","数据负责人","2026-06-24","文件名前缀与B数据集(Kaggle zhengkunli3969/blueberry-detection-dataset)命名规则一致，来源确认"
"sha256:baf9b93e537f4b2ccb6125fef9c103b7be69829170ed0d2c00857fb304afafd1","data/images/validation/66270A_jpg.rf.aff7c8e7f8ca660f9400dd37dbb8c4d2_0_0.jpg","B_KAGGLE_BLUEBERRY_DETECTION","Blueberry Detection dataset","medium","Roboflow-style filename in the user-described B dataset subset; confirm before final submission","Kaggle zhengkunli3969/blueberry-detection-dataset; https://www.kaggle.com/datasets/zhengkunli3969/blueberry-detection-dataset","CC BY-NC-SA 4.0","确认","数据负责人","2026-06-24","文件名前缀与B数据集(Kaggle zhengkunli3969/blueberry-detection-dataset)命名规则一致，来源确认"
"sha256:242ad3f9763dcf243b16e245b5cfbf259e90e05a9065c12e17a152b5443530f2","data/images/validation/Aurora_Blueberry_1_650x_jpg.rf.fd40e0adfe8020dc1642603db3864e65_1_0.jpg","B_KAGGLE_BLUEBERRY_DETECTION","Blueberry Detection dataset","medium","Roboflow-style filename in the user-described B dataset subset; confirm before final submission","Kaggle zhengkunli3969/blueberry-detection-dataset; https://www.kaggle.com/datasets/zhengkunli3969/blueberry-detection-dataset","CC BY-NC-SA 4.0","确认","数据负责人","2026-06-24","文件名前缀与B数据集(Kaggle zhengkunli3969/blueberry-detection-dataset)命名规则一致，来源确认"
"sha256:dd87010ea10a865970314a93957e48c2c3b4065d62b1cddc9ea24b9c0ca6db66","data/images/validation/Blueberries_PUB0010288_jpg.rf.ee229d4b74ddf69ecefafd806d37fc93_0_1.jpg","B_KAGGLE_BLUEBERRY_DETECTION","Blueberry Detection dataset","medium","Roboflow-style filename in the user-described B dataset subset; confirm before final submission","Kaggle zhengkunli3969/blueberry-detection-dataset; https://www.kaggle.com/datasets/zhengkunli3969/blueberry-detection-dataset","CC BY-NC-SA 4.0","确认","数据负责人","2026-06-24","文件名前缀与B数据集(Kaggle zhengkunli3969/blueberry-detection-dataset)命名规则一致，来源确认"
"sha256:749b7b33305f8b6512ab9c8b6ecd36884b002e06a9a0987757ef45acdaea902f","data/images/validation/Blueberry-plant-in-fruit_jpg.rf.79774c7f1371061bf9676de526d4d749_0_0.jpg","B_KAGGLE_BLUEBERRY_DETECTION","Blueberry Detection dataset","medium","Roboflow-style filename in the user-described B dataset subset; confirm before final submission","Kaggle zhengkunli3969/blueberry-detection-dataset; https://www.kaggle.com/datasets/zhengkunli3969/blueberry-detection-dataset","CC BY-NC-SA 4.0","确认","数据负责人","2026-06-24","文件名前缀与B数据集(Kaggle zhengkunli3969/blueberry-detection-dataset)命名规则一致，来源确认"
"sha256:f9026710221bcb2d044b41f3b738663b11320fbeb47a76e645507496e409fa8f","data/images/validation/Legacy777_1___39469-1567142856_jpg.rf.575d0a8aa084dc566d345154976e75fb_0_0.jpg","B_KAGGLE_BLUEBERRY_DETECTION","Blueberry Detection dataset","medium","Roboflow-style filename in the user-described B dataset subset; confirm before final submission","Kaggle zhengkunli3969/blueberry-detection-dataset; https://www.kaggle.com/datasets/zhengkunli3969/blueberry-detection-dataset","CC BY-NC-SA 4.0","确认","数据负责人","2026-06-24","文件名前缀与B数据集(Kaggle zhengkunli3969/blueberry-detection-dataset)命名规则一致，来源确认"
"sha256:9dc436e561938d0842076ce1eb1c6c24c82b8f3866b5a3d5479f88598702b9af","data/images/validation/Patriot2-1_1024x1024_jpg.rf.f0af90ee81c385d85b9cf57128fc31bd_1_1.jpg","B_KAGGLE_BLUEBERRY_DETECTION","Blueberry Detection dataset","medium","Roboflow-style filename in the user-described B dataset subset; confirm before final submission","Kaggle zhengkunli3969/blueberry-detection-dataset; https://www.kaggle.com/datasets/zhengkunli3969/blueberry-detection-dataset","CC BY-NC-SA 4.0","确认","数据负责人","2026-06-24","文件名前缀与B数据集(Kaggle zhengkunli3969/blueberry-detection-dataset)命名规则一致，来源确认"
"sha256:7507d5eb82fd332699c86cca7dcea8dadb304f76b7cc3cdfc19d0ae28ead5fdf","data/images/validation/TOro_Blueberry_2_720x_jpg.rf.0bdaaab98dac7c6decf5e51d5ae0c6ea_0_0.jpg","B_KAGGLE_BLUEBERRY_DETECTION","Blueberry Detection dataset","medium","Roboflow-style filename in the user-described B dataset subset; confirm before final submission","Kaggle zhengkunli3969/blueberry-detection-dataset; https://www.kaggle.com/datasets/zhengkunli3969/blueberry-detection-dataset","CC BY-NC-SA 4.0","确认","数据负责人","2026-06-24","文件名前缀与B数据集(Kaggle zhengkunli3969/blueberry-detection-dataset)命名规则一致，来源确认"
"sha256:fa3fbfbb7f10f60ae4049f2b656f5e082182431cef1f0109a249790c79e664ca","data/images/validation/TOro_Blueberry_2_720x_jpg.rf.0bdaaab98dac7c6decf5e51d5ae0c6ea_1_1.jpg","B_KAGGLE_BLUEBERRY_DETECTION","Blueberry Detection dataset","medium","Roboflow-style filename in the user-described B dataset subset; confirm before final submission","Kaggle zhengkunli3969/blueberry-detection-dataset; https://www.kaggle.com/datasets/zhengkunli3969/blueberry-detection-dataset","CC BY-NC-SA 4.0","确认","数据负责人","2026-06-24","文件名前缀与B数据集(Kaggle zhengkunli3969/blueberry-detection-dataset)命名规则一致，来源确认"
"sha256:194fc570288d69933c570bc7816a05831353a1c59c3f55dc57e22a215e8e1a91","data/images/validation/XF127_450x-1-_jpg.rf.3b787657c6bd99703858126bf3fd44bb_0_0.jpg","B_KAGGLE_BLUEBERRY_DETECTION","Blueberry Detection dataset","medium","Roboflow-style filename in the user-described B dataset subset; confirm before final submission","Kaggle zhengkunli3969/blueberry-detection-dataset; https://www.kaggle.com/datasets/zhengkunli3969/blueberry-detection-dataset","CC BY-NC-SA 4.0","确认","数据负责人","2026-06-24","文件名前缀与B数据集(Kaggle zhengkunli3969/blueberry-detection-dataset)命名规则一致，来源确认"
"sha256:b8db8aa2f6c3118f01374478ff63a7f4cdb058e64e453ef069867f480bd413f4","data/images/validation/blueberry_cluster_jpg.rf.70af70b1066ca34e2b232ed02a726176_0_0.jpg","B_KAGGLE_BLUEBERRY_DETECTION","Blueberry Detection dataset","medium","Roboflow-style filename in the user-described B dataset subset; confirm before final submission","Kaggle zhengkunli3969/blueberry-detection-dataset; https://www.kaggle.com/datasets/zhengkunli3969/blueberry-detection-dataset","CC BY-NC-SA 4.0","确认","数据负责人","2026-06-24","文件名前缀与B数据集(Kaggle zhengkunli3969/blueberry-detection-dataset)命名规则一致，来源确认"
"sha256:ea063d31181bf96ef6d417bb703d4d8cecb5e7505e7e1575f9bf43b4d7ecca4c","data/images/validation/blueberry_cluster_jpg.rf.70af70b1066ca34e2b232ed02a726176_1_1.jpg","B_KAGGLE_BLUEBERRY_DETECTION","Blueberry Detection dataset","medium","Roboflow-style filename in the user-described B dataset subset; confirm before final submission","Kaggle zhengkunli3969/blueberry-detection-dataset; https://www.kaggle.com/datasets/zhengkunli3969/blueberry-detection-dataset","CC BY-NC-SA 4.0","确认","数据负责人","2026-06-24","文件名前缀与B数据集(Kaggle zhengkunli3969/blueberry-detection-dataset)命名规则一致，来源确认"
"sha256:c5882c619737de2a95f4adc9a0cf1a8fa8fcc2de29d27ff61363987ee494e611","data/images/validation/images-1-_jpeg_jpg.rf.56021a7350635637054388ec1e4584df_0_0.jpg","B_KAGGLE_BLUEBERRY_DETECTION","Blueberry Detection dataset","medium","Roboflow-style filename in the user-described B dataset subset; confirm before final submission","Kaggle zhengkunli3969/blueberry-detection-dataset; https://www.kaggle.com/datasets/zhengkunli3969/blueberry-detection-dataset","CC BY-NC-SA 4.0","确认","数据负责人","2026-06-24","文件名前缀与B数据集(Kaggle zhengkunli3969/blueberry-detection-dataset)命名规则一致，来源确认"
"sha256:ecd57fd8b6427a811443394f5b444327f7d7480b60141d6964e514e8bf84fe81","data/images/validation/national-plant-network-bushes-hd7066-64_1000_jpg.rf.37b5cae1c51431be3138a4374d68d5a1_0_1.jpg","B_KAGGLE_BLUEBERRY_DETECTION","Blueberry Detection dataset","medium","Roboflow-style filename in the user-described B dataset subset; confirm before final submission","Kaggle zhengkunli3969/blueberry-detection-dataset; https://www.kaggle.com/datasets/zhengkunli3969/blueberry-detection-dataset","CC BY-NC-SA 4.0","确认","数据负责人","2026-06-24","文件名前缀与B数据集(Kaggle zhengkunli3969/blueberry-detection-dataset)命名规则一致，来源确认"
